sample,relpath,obfuscation_transformation,mutant_id,obf_time,size_orig,size_obf,call_ind_orig,call_ind_obf,max_nesting_orig,max_nesting_obf,valid_orig,valid_obf,run_orig,run_obf,run_time_orig,run_time_obf,disassembly_ok_orig,disassembly_ok_obf,wat_similarity,cfg_similarity,func_symbols_orig,func_symbols_obf,type_symbols_orig,type_symbols_obf,spec_valid_orig,spec_valid_obf,semantic_equivalence_bool,spec_violation_count,undefined_behavior_risk,spec_errors_orig,spec_errors_obf
slist_test_removeAt.wasm,slist/slist_test_removeAt.wasm,,cf_3bdda490,,52168,,21,,4,,ok,missing,timeout,,,,yes,,,,92,,43,,yes,yes,yes,0,no,,
slist_test_removeAt.wasm,slist/slist_test_removeAt.wasm,,collatz_79fb7122,,52168,,21,,4,,ok,missing,timeout,,,,yes,,,,92,,43,,yes,yes,yes,0,no,,
slist_test_removeAt.wasm,slist/slist_test_removeAt.wasm,,ca_b7f16ba2,,52168,,21,,4,,ok,missing,timeout,,,,yes,,,,92,,43,,yes,yes,yes,0,no,,
slist_test_removeAt.wasm,slist/slist_test_removeAt.wasm,,collatz_cf_dc9565bc,,52168,,21,,4,,ok,missing,timeout,,,,yes,,,,92,,43,,yes,yes,yes,0,no,,
slist_test_removeAt.wasm,slist/slist_test_removeAt.wasm,,collatz_ca_e7d05cb8,,52168,,21,,4,,ok,missing,timeout,,,,yes,,,,92,,43,,yes,yes,yes,0,no,,
slist_test_removeAt.wasm,slist/slist_test_removeAt.wasm,,cf_ca_074550ee,,52168,,21,,4,,ok,missing,timeout,,,,yes,,,,92,,43,,yes,yes,yes,0,no,,
slist_test_removeAt.wasm,slist/slist_test_removeAt.wasm,,name_collatz_951edd8d,,52168,46169,21,21,4,4,ok,ok,timeout,no_entry,,,yes,yes,99.52,,92,92,43,43,yes,yes,yes,0,no,,
slist_test_removeAt.wasm,slist/slist_test_removeAt.wasm,,name_memory_ca_e7b76266,,52168,56799,21,21,4,4,ok,ok,timeout,no_entry,,,yes,yes,84.75,,92,94,43,45,yes,yes,yes,0,no,,
slist_test_removeAt.wasm,slist/slist_test_removeAt.wasm,,flatten_cf_140569e8,,52168,53757,21,21,4,4,ok,ok,timeout,no_entry,,,yes,yes,84.84,,92,93,43,43,yes,yes,yes,0,no,,
slist_test_removeAt.wasm,slist/slist_test_removeAt.wasm,,name_f9b6a01b,,52168,46169,21,21,4,4,ok,ok,timeout,no_entry,,,yes,yes,99.52,,92,92,43,43,yes,yes,yes,0,no,,
slist_test_removeAt.wasm,slist/slist_test_removeAt.wasm,,name_cf_1ec079c1,,52168,46169,21,21,4,4,ok,ok,timeout,no_entry,,,yes,yes,99.52,,92,92,43,43,yes,yes,yes,0,no,,
slist_test_removeAt.wasm,slist/slist_test_removeAt.wasm,,flatten_ca_979cf54a,,52168,50526,21,21,4,4,ok,ok,timeout,no_entry,,,yes,yes,87.55,,92,92,43,43,yes,yes,yes,0,no,,
slist_test_removeAt.wasm,slist/slist_test_removeAt.wasm,,name_memory_a7af2d91,,52168,56817,21,21,4,4,ok,ok,timeout,no_entry,,,yes,yes,84.75,,92,94,43,45,yes,yes,yes,0,no,,
slist_test_removeAt.wasm,slist/slist_test_removeAt.wasm,,alias_name_cf_53f2be9e,,52168,47243,21,313,4,4,ok,ok,timeout,no_entry,,,yes,yes,98.42,,92,92,43,335,yes,yes,yes,0,no,,
slist_test_removeAt.wasm,slist/slist_test_removeAt.wasm,,alias_cf_45b6b55b,,52168,47249,21,313,4,4,ok,ok,timeout,no_entry,,,yes,yes,98.42,,92,92,43,335,yes,yes,yes,0,no,,
slist_test_removeAt.wasm,slist/slist_test_removeAt.wasm,,alias_name_74b42ab2,,52168,47218,21,313,4,4,ok,ok,timeout,no_entry,,,yes,yes,98.42,,92,92,43,335,yes,yes,yes,0,no,,
slist_test_removeAt.wasm,slist/slist_test_removeAt.wasm,,flatten_collatz_6933e1ba,,52168,53765,21,21,4,4,ok,ok,timeout,no_entry,,,yes,yes,85.83,,92,93,43,43,yes,yes,yes,0,no,,
slist_test_removeAt.wasm,slist/slist_test_removeAt.wasm,,flatten_memory_057d44d1,,52168,61179,21,21,4,4,ok,ok,timeout,no_entry,,,yes,yes,73.71,,92,94,43,45,yes,yes,yes,0,no,,
slist_test_removeAt.wasm,slist/slist_test_removeAt.wasm,,alias_78d0af0a,,52168,47244,21,313,4,4,ok,ok,timeout,no_entry,,,yes,yes,98.42,,92,92,43,335,yes,yes,yes,0,no,,
slist_test_removeAt.wasm,slist/slist_test_removeAt.wasm,,flatten_name_collatz_df768d7b,,52168,53760,21,21,4,4,ok,ok,timeout,no_entry,,,yes,yes,85.58,,92,93,43,43,yes,yes,yes,0,no,,
slist_test_removeAt.wasm,slist/slist_test_removeAt.wasm,,alias_memory_cf_029cbab7,,52168,57873,21,313,4,4,ok,ok,timeout,no_entry,,,yes,yes,83.94,,92,94,43,337,yes,yes,yes,0,no,,
slist_test_removeAt.wasm,slist/slist_test_removeAt.wasm,,name_ca_32760442,,52168,46169,21,21,4,4,ok,ok,timeout,no_entry,,,yes,yes,99.52,,92,92,43,43,yes,yes,yes,0,no,,
slist_test_removeAt.wasm,slist/slist_test_removeAt.wasm,,flatten_name_551ed47f,,52168,50526,21,21,4,4,ok,ok,timeout,no_entry,,,yes,yes,86.78,,92,92,43,43,yes,yes,yes,0,no,,
slist_test_removeAt.wasm,slist/slist_test_removeAt.wasm,,memory_ca_45f56967,,52168,56830,21,21,4,4,ok,ok,timeout,no_entry,,,yes,yes,84.75,,92,94,43,45,yes,yes,yes,0,no,,
slist_test_removeAt.wasm,slist/slist_test_removeAt.wasm,,flatten_7c4372c8,,52168,50526,21,21,4,4,ok,ok,timeout,no_entry,,,yes,yes,87.61,,92,92,43,43,yes,yes,yes,0,no,,
slist_test_removeAt.wasm,slist/slist_test_removeAt.wasm,,flatten_alias_70b895b1,,52168,51543,21,313,4,4,ok,ok,timeout,no_entry,,,yes,yes,86.24,,92,92,43,335,yes,yes,yes,0,no,,
slist_test_removeAt.wasm,slist/slist_test_removeAt.wasm,,flatten_memory_ca_40486663,,52168,61193,21,21,4,4,ok,ok,timeout,no_entry,,,yes,yes,74.01,,92,94,43,45,yes,yes,yes,0,no,,
slist_test_removeAt.wasm,slist/slist_test_removeAt.wasm,,name_memory_collatz_0d260cf7,,52168,56770,21,21,4,4,ok,ok,timeout,no_entry,,,yes,yes,84.76,,92,94,43,45,yes,yes,yes,0,no,,
slist_test_removeAt.wasm,slist/slist_test_removeAt.wasm,,flatten_alias_name_674ad181,,52168,51630,21,313,4,4,ok,ok,timeout,no_entry,,,yes,yes,87.21,,92,92,43,335,yes,yes,yes,0,no,,
slist_test_removeAt.wasm,slist/slist_test_removeAt.wasm,,memory_collatz_8f91d558,,52168,56807,21,21,4,4,ok,ok,timeout,no_entry,,,yes,yes,84.75,,92,94,43,45,yes,yes,yes,0,no,,
slist_test_removeAt.wasm,slist/slist_test_removeAt.wasm,,memory_38b57d89,,52168,56828,21,21,4,4,ok,ok,timeout,no_entry,,,yes,yes,84.76,,92,94,43,45,yes,yes,yes,0,no,,
slist_test_removeAt.wasm,slist/slist_test_removeAt.wasm,,flatten_name_ca_5b72683c,,52168,50526,21,21,4,4,ok,ok,timeout,no_entry,,,yes,yes,86.52,,92,92,43,43,yes,yes,yes,0,no,,
slist_test_removeAt.wasm,slist/slist_test_removeAt.wasm,,memory_cf_a3c6c3fe,,52168,56817,21,21,4,4,ok,ok,timeout,no_entry,,,yes,yes,84.76,,92,94,43,45,yes,yes,yes,0,no,,
slist_test_removeAt.wasm,slist/slist_test_removeAt.wasm,,flatten_alias_cf_d051ede7,,52168,55178,21,429,4,4,ok,ok,timeout,no_entry,,,yes,yes,83.93,,92,93,43,437,yes,yes,yes,0,no,,
slist_test_removeAt.wasm,slist/slist_test_removeAt.wasm,,name_memory_cf_d92dd53c,,52168,56819,21,21,4,4,ok,ok,timeout,no_entry,,,yes,yes,84.75,,92,94,43,45,yes,yes,yes,0,no,,
slist_test_removeAt.wasm,slist/slist_test_removeAt.wasm,,flatten_name_memory_collatz_a31fdacd,,52168,64389,21,21,4,4,ok,ok,timeout,no_entry,,,yes,yes,72.59,,92,95,43,45,yes,yes,yes,0,no,,
slist_test_removeAt.wasm,slist/slist_test_removeAt.wasm,,flatten_name_cf_8d1def81,,52168,53759,21,21,4,4,ok,ok,timeout,no_entry,,,yes,yes,85.22,,92,93,43,43,yes,yes,yes,0,no,,
slist_test_removeAt.wasm,slist/slist_test_removeAt.wasm,,alias_name_memory_be4ff958,,52168,57881,21,313,4,4,ok,ok,timeout,no_entry,,,yes,yes,83.94,,92,94,43,337,yes,yes,yes,0,no,,
slist_test_removeAt.wasm,slist/slist_test_removeAt.wasm,,alias_memory_a1381023,,52168,57867,21,313,4,4,ok,ok,timeout,no_entry,,,yes,yes,83.94,,92,94,43,337,yes,yes,yes,0,no,,
slist_test_removeAt.wasm,slist/slist_test_removeAt.wasm,,flatten_alias_memory_cf_629c6164,,52168,65788,21,429,4,4,ok,ok,timeout,no_entry,,,yes,yes,71.2,,92,95,43,439,yes,yes,yes,0,no,,
slist_test_removeAt.wasm,slist/slist_test_removeAt.wasm,,alias_name_memory_cf_fab1a7cd,,52168,57882,21,313,4,4,ok,ok,timeout,no_entry,,,yes,yes,83.94,,92,94,43,337,yes,yes,yes,0,no,,
slist_test_removeAt.wasm,slist/slist_test_removeAt.wasm,,flatten_alias_name_cf_d90ff0fc,,52168,55141,21,429,4,4,ok,ok,timeout,no_entry,,,yes,yes,83.65,,92,93,43,437,yes,yes,yes,0,no,,
slist_test_removeAt.wasm,slist/slist_test_removeAt.wasm,,flatten_name_memory_cf_a10864e1,,52168,64392,21,21,4,4,ok,ok,timeout,no_entry,,,yes,yes,72.14,,92,95,43,45,yes,yes,yes,0,no,,
slist_test_removeAt.wasm,slist/slist_test_removeAt.wasm,,all_fb183083,,52168,62200,21,313,4,4,ok,ok,timeout,no_entry,,,yes,yes,73.23,,92,94,43,337,yes,yes,yes,0,no,,
slist_test_removeAt.wasm,slist/slist_test_removeAt.wasm,,flatten_name_memory_6ad92447,,52168,61196,21,21,4,4,ok,ok,timeout,no_entry,,,yes,yes,75.01,,92,94,43,45,yes,yes,yes,0,no,,
slist_test_removeAt.wasm,slist/slist_test_removeAt.wasm,,flatten_alias_name_memory_f4a643d2,,52168,62197,21,313,4,4,ok,ok,timeout,no_entry,,,yes,yes,74.47,,92,94,43,337,yes,yes,yes,0,no,,
slist_test_removeAt.wasm,slist/slist_test_removeAt.wasm,,all_safe_cb1060f3,,52168,62233,21,313,4,4,ok,ok,timeout,no_entry,,,yes,yes,74.48,,92,94,43,337,yes,yes,yes,0,no,,
slist_test_removeAt.wasm,slist/slist_test_removeAt.wasm,,flatten_memory_collatz_af0346cf,,52168,64400,21,21,4,4,ok,ok,timeout,no_entry,,,yes,yes,72.33,,92,95,43,45,yes,yes,yes,0,no,,
slist_test_removeAt.wasm,slist/slist_test_removeAt.wasm,,flatten_name_memory_ca_504cce75,,52168,61185,21,21,4,4,ok,ok,timeout,no_entry,,,yes,yes,74.48,,92,94,43,45,yes,yes,yes,0,no,,
slist_test_removeAt.wasm,slist/slist_test_removeAt.wasm,,flatten_alias_memory_5cce79de,,52168,62230,21,313,4,4,ok,ok,timeout,no_entry,,,yes,yes,73.17,,92,94,43,337,yes,yes,yes,0,no,,
slist_test_removeAt.wasm,slist/slist_test_removeAt.wasm,,flatten_memory_cf_41dfd134,,52168,64362,21,21,4,4,ok,ok,timeout,no_entry,,,yes,yes,73.16,,92,95,43,45,yes,yes,yes,0,no,,
slist_test_removeAt.wasm,slist/slist_test_removeAt.wasm,,flatten_alias_name_memory_cf_760aab68,,52168,65780,21,429,4,4,ok,ok,timeout,no_entry,,,yes,yes,71.22,,92,95,43,439,yes,yes,yes,0,no,,
slist_test_removeAt.wasm,slist/slist_test_removeAt.wasm,,alias_name_collatz_aa5b2786,,52168,784241,21,22193,4,4,ok,ok,timeout,no_entry,,,yes,yes,2.02,,92,93,43,22215,yes,yes,yes,0,no,,
slist_test_removeAt.wasm,slist/slist_test_removeAt.wasm,,alias_collatz_d7530d81,,52168,784211,21,22193,4,4,ok,ok,timeout,no_entry,,,yes,yes,2.02,,92,93,43,22215,yes,yes,yes,0,no,,
slist_test_removeAt.wasm,slist/slist_test_removeAt.wasm,,alias_name_ca_d9d3d4ce,,52168,784253,21,22193,4,4,ok,ok,timeout,no_entry,,,yes,yes,2.02,,92,93,43,22215,yes,yes,yes,0,no,,
slist_test_removeAt.wasm,slist/slist_test_removeAt.wasm,,alias_ca_8b5918a8,,52168,784155,21,22193,4,4,ok,ok,timeout,no_entry,,,yes,yes,2.02,,92,93,43,22215,yes,yes,yes,0,no,,
slist_test_removeAt.wasm,slist/slist_test_removeAt.wasm,,alias_name_memory_collatz_dab5f8ef,,52168,816888,21,22193,4,4,ok,ok,timeout,no_entry,,,yes,yes,1.99,,92,95,43,22217,yes,yes,yes,0,no,,
slist_test_removeAt.wasm,slist/slist_test_removeAt.wasm,,alias_memory_ca_61d3598a,,52168,816910,21,22193,4,4,ok,ok,timeout,no_entry,,,yes,yes,1.99,,92,95,43,22217,yes,yes,yes,0,no,,
slist_test_removeAt.wasm,slist/slist_test_removeAt.wasm,,alias_memory_collatz_c0bd9362,,52168,794956,21,22193,4,4,ok,ok,timeout,no_entry,,,yes,yes,1.99,,92,95,43,22217,yes,yes,yes,0,no,,
slist_test_removeAt.wasm,slist/slist_test_removeAt.wasm,,alias_name_memory_ca_627df040,,52168,794876,21,22193,4,4,ok,ok,timeout,no_entry,,,yes,yes,1.99,,92,95,43,22217,yes,yes,yes,0,no,,
slist_test_removeAt.wasm,slist/slist_test_removeAt.wasm,,flatten_alias_name_ca_e11284bc,,52168,810598,21,22193,4,4,ok,ok,timeout,no_entry,,,yes,yes,1.95,,92,93,43,22215,yes,yes,yes,0,no,,
slist_test_removeAt.wasm,slist/slist_test_removeAt.wasm,,flatten_alias_ca_d0eeea2b,,52168,788685,21,22193,4,4,ok,ok,timeout,no_entry,,,yes,yes,1.94,,92,93,43,22215,yes,yes,yes,0,no,,
slist_test_removeAt.wasm,slist/slist_test_removeAt.wasm,,flatten_alias_memory_ca_71c7f88f,,52168,799456,21,22193,4,4,ok,ok,timeout,no_entry,,,yes,yes,1.91,,92,95,43,22217,yes,yes,yes,0,no,,
slist_test_removeAt.wasm,slist/slist_test_removeAt.wasm,,flatten_alias_name_memory_ca_bec4405e,,52168,799187,21,22193,4,4,ok,ok,timeout,no_entry,,,yes,yes,1.94,,92,95,43,22217,yes,yes,yes,0,no,,
slist_test_removeAt.wasm,slist/slist_test_removeAt.wasm,,flatten_alias_name_memory_collatz_352910d6,,52168,1129868,21,33222,4,4,ok,ok,timeout,no_entry,,,yes,yes,1.44,,92,96,43,31944,yes,yes,yes,0,no,,
slist_test_removeAt.wasm,slist/slist_test_removeAt.wasm,,flatten_alias_collatz_dd82776c,,52168,1086236,21,33222,4,4,ok,ok,timeout,no_entry,,,yes,yes,1.46,,92,94,43,31942,yes,yes,yes,0,no,,
slist_test_removeAt.wasm,slist/slist_test_removeAt.wasm,,flatten_alias_name_collatz_88a10220,,52168,1119176,21,33222,4,4,ok,ok,timeout,no_entry,,,yes,yes,1.46,,92,94,43,31942,yes,yes,yes,0,no,,
slist_test_removeAt.wasm,slist/slist_test_removeAt.wasm,,flatten_alias_memory_collatz_4c3580c2,,52168,1129881,21,33222,4,4,ok,ok,timeout,no_entry,,,yes,yes,1.45,,92,96,43,31944,yes,yes,yes,0,no,,
slist_test_iterRemove.wasm,slist/slist_test_iterRemove.wasm,,name_3a828159,,53201,47130,21,21,4,4,ok,ok,timeout,no_entry,,,yes,yes,99.52,,95,95,43,43,yes,yes,yes,0,no,,
slist_test_iterRemove.wasm,slist/slist_test_iterRemove.wasm,,alias_f7d0d771,,53201,48188,21,312,4,4,ok,ok,timeout,no_entry,,,yes,yes,98.44,,95,95,43,334,yes,yes,yes,0,no,,
slist_test_iterRemove.wasm,slist/slist_test_iterRemove.wasm,,flatten_ab12f094,,53201,51657,21,21,4,4,ok,ok,timeout,no_entry,,,yes,yes,86.21,,95,95,43,43,yes,yes,yes,0,no,,
slist_test_iterRemove.wasm,slist/slist_test_iterRemove.wasm,,flatten_name_15e6e10e,,53201,51657,21,21,4,4,ok,ok,timeout,no_entry,,,yes,yes,87.26,,95,95,43,43,yes,yes,yes,0,no,,
slist_test_iterRemove.wasm,slist/slist_test_iterRemove.wasm,,flatten_alias_612a2689,,53201,52750,21,312,4,4,ok,ok,timeout,no_entry,,,yes,yes,85.78,,95,95,43,334,yes,yes,yes,0,no,,
slist_test_iterRemove.wasm,slist/slist_test_iterRemove.wasm,,memory_6457bc08,,53201,58162,21,21,4,4,ok,ok,timeout,no_entry,,,yes,yes,84.6,,95,97,43,45,yes,yes,yes,0,no,,
slist_test_iterRemove.wasm,slist/slist_test_iterRemove.wasm,,cf_d60cdaf1,,53201,,21,,4,,ok,missing,timeout,,,,yes,,,,95,,43,,yes,yes,yes,0,no,,
slist_test_iterRemove.wasm,slist/slist_test_iterRemove.wasm,,collatz_18c98ecf,,53201,,21,,4,,ok,missing,timeout,,,,yes,,,,95,,43,,yes,yes,yes,0,no,,
slist_test_iterRemove.wasm,slist/slist_test_iterRemove.wasm,,ca_2d5d5322,,53201,,21,,4,,ok,missing,timeout,,,,yes,,,,95,,43,,yes,yes,yes,0,no,,
slist_test_iterRemove.wasm,slist/slist_test_iterRemove.wasm,,alias_name_56f064d8,,53201,48195,21,312,4,4,ok,ok,timeout,no_entry,,,yes,yes,98.44,,95,95,43,334,yes,yes,yes,0,no,,
slist_test_iterRemove.wasm,slist/slist_test_iterRemove.wasm,,flatten_memory_00beb549,,53201,62688,21,21,4,4,ok,ok,timeout,no_entry,,,yes,yes,74.12,,95,97,43,45,yes,yes,yes,0,no,,
slist_test_iterRemove.wasm,slist/slist_test_iterRemove.wasm,,flatten_alias_name_f7e2307a,,53201,52781,21,312,4,4,ok,ok,timeout,no_entry,,,yes,yes,86.57,,95,95,43,334,yes,yes,yes,0,no,,
slist_test_iterRemove.wasm,slist/slist_test_iterRemove.wasm,,name_memory_b79d561f,,53201,58175,21,21,4,4,ok,ok,timeout,no_entry,,,yes,yes,84.6,,95,97,43,45,yes,yes,yes,0,no,,
slist_test_iterRemove.wasm,slist/slist_test_iterRemove.wasm,,alias_memory_998ce8df,,53201,59190,21,312,4,4,ok,ok,timeout,no_entry,,,yes,yes,83.81,,95,97,43,336,yes,yes,yes,0,no,,
slist_test_iterRemove.wasm,slist/slist_test_iterRemove.wasm,,alias_cf_d591b828,,53201,48207,21,312,4,4,ok,ok,timeout,no_entry,,,yes,yes,98.44,,95,95,43,334,yes,yes,yes,0,no,,
slist_test_iterRemove.wasm,slist/slist_test_iterRemove.wasm,,name_collatz_5e3438ec,,53201,47130,21,21,4,4,ok,ok,timeout,no_entry,,,yes,yes,99.52,,95,95,43,43,yes,yes,yes,0,no,,
slist_test_iterRemove.wasm,slist/slist_test_iterRemove.wasm,,flatten_ca_af1179b1,,53201,51657,21,21,4,4,ok,ok,timeout,no_entry,,,yes,yes,88.16,,95,95,43,43,yes,yes,yes,0,no,,
slist_test_iterRemove.wasm,slist/slist_test_iterRemove.wasm,,flatten_name_memory_cdb0a4b6,,53201,62681,21,21,4,4,ok,ok,timeout,no_entry,,,yes,yes,75.1,,95,97,43,45,yes,yes,yes,0,no,,
slist_test_iterRemove.wasm,slist/slist_test_iterRemove.wasm,,alias_name_memory_f2db3b23,,53201,59193,21,312,4,4,ok,ok,timeout,no_entry,,,yes,yes,83.81,,95,97,43,336,yes,yes,yes,0,no,,
slist_test_iterRemove.wasm,slist/slist_test_iterRemove.wasm,,name_ca_0ba030d4,,53201,47130,21,21,4,4,ok,ok,timeout,no_entry,,,yes,yes,99.52,,95,95,43,43,yes,yes,yes,0,no,,
slist_test_iterRemove.wasm,slist/slist_test_iterRemove.wasm,,name_cf_b74b709a,,53201,47130,21,21,4,4,ok,ok,timeout,no_entry,,,yes,yes,99.52,,95,95,43,43,yes,yes,yes,0,no,,
slist_test_iterRemove.wasm,slist/slist_test_iterRemove.wasm,,flatten_collatz_25ae27d7,,53201,55079,21,21,4,4,ok,ok,timeout,no_entry,,,yes,yes,84.99,,95,96,43,43,yes,yes,yes,0,no,,
slist_test_iterRemove.wasm,slist/slist_test_iterRemove.wasm,,flatten_alias_memory_8706ad45,,53201,63710,21,312,4,4,ok,ok,timeout,no_entry,,,yes,yes,73.4,,95,97,43,336,yes,yes,yes,0,no,,
slist_test_iterRemove.wasm,slist/slist_test_iterRemove.wasm,,flatten_cf_011b80af,,53201,55069,21,21,4,4,ok,ok,timeout,no_entry,,,yes,yes,85.39,,95,96,43,43,yes,yes,yes,0,no,,
slist_test_iterRemove.wasm,slist/slist_test_iterRemove.wasm,,flatten_alias_name_memory_963904e0,,53201,63758,21,312,4,4,ok,ok,timeout,no_entry,,,yes,yes,74.11,,95,97,43,336,yes,yes,yes,0,no,,
slist_test_iterRemove.wasm,slist/slist_test_iterRemove.wasm,,alias_name_cf_844031bf,,53201,48189,21,312,4,4,ok,ok,timeout,no_entry,,,yes,yes,98.44,,95,95,43,334,yes,yes,yes,0,no,,
slist_test_iterRemove.wasm,slist/slist_test_iterRemove.wasm,,memory_collatz_28d6e0b5,,53201,58148,21,21,4,4,ok,ok,timeout,no_entry,,,yes,yes,84.6,,95,97,43,45,yes,yes,yes,0,no,,
slist_test_iterRemove.wasm,slist/slist_test_iterRemove.wasm,,memory_cf_87c497a5,,53201,58125,21,21,4,4,ok,ok,timeout,no_entry,,,yes,yes,84.6,,95,97,43,45,yes,yes,yes,0,no,,
slist_test_iterRemove.wasm,slist/slist_test_iterRemove.wasm,,flatten_name_ca_64b0b779,,53201,51657,21,21,4,4,ok,ok,timeout,no_entry,,,yes,yes,87.18,,95,95,43,43,yes,yes,yes,0,no,,
slist_test_iterRemove.wasm,slist/slist_test_iterRemove.wasm,,memory_ca_dedee680,,53201,58158,21,21,4,4,ok,ok,timeout,no_entry,,,yes,yes,84.6,,95,97,43,45,yes,yes,yes,0,no,,
slist_test_iterRemove.wasm,slist/slist_test_iterRemove.wasm,,flatten_name_collatz_3599437d,,53201,55082,21,21,4,4,ok,ok,timeout,no_entry,,,yes,yes,84.11,,95,96,43,43,yes,yes,yes,0,no,,
slist_test_iterRemove.wasm,slist/slist_test_iterRemove.wasm,,flatten_name_cf_0b407ae0,,53201,55095,21,21,4,4,ok,ok,timeout,no_entry,,,yes,yes,84.45,,95,96,43,43,yes,yes,yes,0,no,,
slist_test_iterRemove.wasm,slist/slist_test_iterRemove.wasm,,flatten_alias_cf_c95b3976,,53201,56508,21,439,4,4,ok,ok,timeout,no_entry,,,yes,yes,83.45,,95,96,43,444,yes,yes,yes,0,no,,
slist_test_iterRemove.wasm,slist/slist_test_iterRemove.wasm,,alias_memory_cf_38eb5b79,,53201,59250,21,312,4,4,ok,ok,timeout,no_entry,,,yes,yes,83.81,,95,97,43,336,yes,yes,yes,0,no,,
slist_test_iterRemove.wasm,slist/slist_test_iterRemove.wasm,,name_memory_collatz_789d5dc5,,53201,58123,21,21,4,4,ok,ok,timeout,no_entry,,,yes,yes,84.6,,95,97,43,45,yes,yes,yes,0,no,,
slist_test_iterRemove.wasm,slist/slist_test_iterRemove.wasm,,name_memory_cf_0ca93eea,,53201,58169,21,21,4,4,ok,ok,timeout,no_entry,,,yes,yes,84.6,,95,97,43,45,yes,yes,yes,0,no,,
slist_test_iterRemove.wasm,slist/slist_test_iterRemove.wasm,,flatten_memory_ca_08286126,,53201,62647,21,21,4,4,ok,ok,timeout,no_entry,,,yes,yes,74.06,,95,97,43,45,yes,yes,yes,0,no,,
slist_test_iterRemove.wasm,slist/slist_test_iterRemove.wasm,,name_memory_ca_185aa286,,53201,58174,21,21,4,4,ok,ok,timeout,no_entry,,,yes,yes,84.6,,95,97,43,45,yes,yes,yes,0,no,,
slist_test_iterRemove.wasm,slist/slist_test_iterRemove.wasm,,flatten_memory_collatz_02c04475,,53201,66102,21,21,4,4,ok,ok,timeout,no_entry,,,yes,yes,72.9,,95,98,43,45,yes,yes,yes,0,no,,
slist_test_iterRemove.wasm,slist/slist_test_iterRemove.wasm,,flatten_memory_cf_b4f42be1,,53201,66117,21,21,4,4,ok,ok,timeout,no_entry,,,yes,yes,72.0,,95,98,43,45,yes,yes,yes,0,no,,
slist_test_iterRemove.wasm,slist/slist_test_iterRemove.wasm,,flatten_alias_name_cf_34403132,,53201,56502,21,439,4,4,ok,ok,timeout,no_entry,,,yes,yes,82.99,,95,96,43,444,yes,yes,yes,0,no,,
slist_test_iterRemove.wasm,slist/slist_test_iterRemove.wasm,,alias_ca_b711ba31,,53201,806064,21,22821,4,4,ok,ok,timeout,no_entry,,,yes,yes,1.95,,95,96,43,22843,yes,yes,yes,0,no,,
slist_test_iterRemove.wasm,slist/slist_test_iterRemove.wasm,,alias_name_ca_dc291eb4,,53201,806191,21,22821,4,4,ok,ok,timeout,no_entry,,,yes,yes,1.95,,95,96,43,22843,yes,yes,yes,0,no,,
slist_test_iterRemove.wasm,slist/slist_test_iterRemove.wasm,,alias_collatz_0ffc6044,,53201,806122,21,22821,4,4,ok,ok,timeout,no_entry,,,yes,yes,1.95,,95,96,43,22843,yes,yes,yes,0,no,,
slist_test_iterRemove.wasm,slist/slist_test_iterRemove.wasm,,alias_memory_collatz_6d039702,,53201,817171,21,22821,4,4,ok,ok,timeout,no_entry,,,yes,yes,1.92,,95,98,43,22845,yes,yes,yes,0,no,,
slist_test_iterRemove.wasm,slist/slist_test_iterRemove.wasm,,alias_name_collatz_ad5ae583,,53201,828667,21,22821,4,4,ok,ok,timeout,no_entry,,,yes,yes,1.95,,95,96,43,22843,yes,yes,yes,0,no,,
slist_test_iterRemove.wasm,slist/slist_test_iterRemove.wasm,,alias_memory_ca_66be7c00,,53201,817212,21,22821,4,4,ok,ok,timeout,no_entry,,,yes,yes,1.92,,95,98,43,22845,yes,yes,yes,0,no,,
slist_test_iterRemove.wasm,slist/slist_test_iterRemove.wasm,,flatten_alias_name_ca_e96e0ccc,,53201,833311,21,22821,4,4,ok,ok,timeout,no_entry,,,yes,yes,1.88,,95,96,43,22843,yes,yes,yes,0,no,,
slist_test_iterRemove.wasm,slist/slist_test_iterRemove.wasm,,flatten_alias_ca_68120735,,53201,833239,21,22821,4,4,ok,ok,timeout,no_entry,,,yes,yes,1.89,,95,96,43,22843,yes,yes,yes,0,no,,
slist_test_iterRemove.wasm,slist/slist_test_iterRemove.wasm,,flatten_alias_memory_cf_827e2afa,,53201,67630,21,439,4,4,ok,ok,timeout,no_entry,,,yes,yes,71.43,,95,98,43,446,yes,yes,yes,0,no,,
slist_test_iterRemove.wasm,slist/slist_test_iterRemove.wasm,,flatten_name_memory_collatz_c010f704,,53201,66123,21,21,4,4,ok,ok,timeout,no_entry,,,yes,yes,72.19,,95,98,43,45,yes,yes,yes,0,no,,
slist_test_iterRemove.wasm,slist/slist_test_iterRemove.wasm,,flatten_name_memory_cf_d1d0389b,,53201,66135,21,21,4,4,ok,ok,timeout,no_entry,,,yes,yes,72.26,,95,98,43,45,yes,yes,yes,0,no,,
slist_test_iterRemove.wasm,slist/slist_test_iterRemove.wasm,,flatten_name_memory_ca_46bbbc3b,,53201,62715,21,21,4,4,ok,ok,timeout,no_entry,,,yes,yes,73.72,,95,97,43,45,yes,yes,yes,0,no,,
slist_test_iterRemove.wasm,slist/slist_test_iterRemove.wasm,,alias_name_memory_cf_23888066,,53201,59236,21,312,4,4,ok,ok,timeout,no_entry,,,yes,yes,83.81,,95,97,43,336,yes,yes,yes,0,no,,
slist_test_iterRemove.wasm,slist/slist_test_iterRemove.wasm,,flatten_alias_name_memory_cf_6abf6931,,53201,67711,21,439,4,4,ok,ok,timeout,no_entry,,,yes,yes,71.26,,95,98,43,446,yes,yes,yes,0,no,,
slist_test_iterRemove.wasm,slist/slist_test_iterRemove.wasm,,collatz_cf_d5f2ba99,,53201,,21,,4,,ok,missing,timeout,,,,yes,,,,95,,43,,yes,yes,yes,0,no,,
slist_test_iterRemove.wasm,slist/slist_test_iterRemove.wasm,,collatz_ca_96185436,,53201,,21,,4,,ok,missing,timeout,,,,yes,,,,95,,43,,yes,yes,yes,0,no,,
slist_test_iterRemove.wasm,slist/slist_test_iterRemove.wasm,,flatten_alias_name_collatz_ab481b5f,,53201,1171041,21,35253,4,4,ok,ok,timeout,no_entry,,,yes,yes,1.4,,95,97,43,33643,yes,yes,yes,0,no,,
slist_test_iterRemove.wasm,slist/slist_test_iterRemove.wasm,,cf_ca_45060fb4,,53201,,21,,4,,ok,missing,timeout,,,,yes,,,,95,,43,,yes,yes,yes,0,no,,
slist_test_iterRemove.wasm,slist/slist_test_iterRemove.wasm,,flatten_alias_memory_collatz_b2447fd1,,53201,1147397,21,35253,4,4,ok,ok,timeout,no_entry,,,yes,yes,1.38,,95,99,43,33645,yes,yes,yes,0,no,,
slist_test_iterRemove.wasm,slist/slist_test_iterRemove.wasm,,flatten_alias_collatz_b3af154e,,53201,1136144,21,35253,4,4,ok,ok,timeout,no_entry,,,yes,yes,1.39,,95,97,43,33643,yes,yes,yes,0,no,,
slist_test_iterRemove.wasm,slist/slist_test_iterRemove.wasm,,all_6b08e9d1,,53201,63725,21,312,4,4,ok,ok,timeout,no_entry,,,yes,yes,73.06,,95,97,43,336,yes,yes,yes,0,no,,
slist_test_iterRemove.wasm,slist/slist_test_iterRemove.wasm,,all_safe_8083d520,,53201,63725,21,312,4,4,ok,ok,timeout,no_entry,,,yes,yes,73.82,,95,97,43,336,yes,yes,yes,0,no,,
slist_test_iterRemove.wasm,slist/slist_test_iterRemove.wasm,,flatten_alias_name_memory_ca_da6e21a6,,53201,844133,21,22821,4,4,ok,ok,timeout,no_entry,,,yes,yes,1.87,,95,98,43,22845,yes,yes,yes,0,no,,
slist_test_iterRemove.wasm,slist/slist_test_iterRemove.wasm,,alias_name_memory_collatz_ca7d1f1d,,53201,817154,21,22821,4,4,ok,ok,timeout,no_entry,,,yes,yes,1.92,,95,98,43,22845,yes,yes,yes,0,no,,
slist_test_iterRemove.wasm,slist/slist_test_iterRemove.wasm,,alias_name_memory_ca_56dadf95,,53201,817188,21,22821,4,4,ok,ok,timeout,no_entry,,,yes,yes,1.92,,95,98,43,22845,yes,yes,yes,0,no,,
slist_test_iterRemove.wasm,slist/slist_test_iterRemove.wasm,,flatten_alias_memory_ca_0feddc82,,53201,844342,21,22821,4,4,ok,ok,timeout,no_entry,,,yes,yes,1.86,,95,98,43,22845,yes,yes,yes,0,no,,
slist_test_iterRemove.wasm,slist/slist_test_iterRemove.wasm,,flatten_alias_name_memory_collatz_21ba7e7b,,53201,1147171,21,35253,4,4,ok,ok,timeout,no_entry,,,yes,yes,1.37,,95,99,43,33645,yes,yes,yes,0,no,,
slist_test_removeFirst.wasm,slist/slist_test_removeFirst.wasm,,alias_0dad48b7,,51388,46528,21,307,4,4,ok,ok,timeout,no_entry,,,yes,yes,98.43,,91,91,43,329,yes,yes,yes,0,no,,
slist_test_removeFirst.wasm,slist/slist_test_removeFirst.wasm,,flatten_fb58a7e9,,51388,49417,21,21,4,4,ok,ok,timeout,no_entry,,,yes,yes,87.49,,91,91,43,43,yes,yes,yes,0,no,,
slist_test_removeFirst.wasm,slist/slist_test_removeFirst.wasm,,name_a04f75ae,,51388,45449,21,21,4,4,ok,ok,timeout,no_entry,,,yes,yes,99.53,,91,91,43,43,yes,yes,yes,0,no,,
slist_test_removeFirst.wasm,slist/slist_test_removeFirst.wasm,,flatten_name_bf68867f,,51388,49417,21,21,4,4,ok,ok,timeout,no_entry,,,yes,yes,87.92,,91,91,43,43,yes,yes,yes,0,no,,
slist_test_removeFirst.wasm,slist/slist_test_removeFirst.wasm,,flatten_alias_ccaede41,,51388,50410,21,307,4,4,ok,ok,timeout,no_entry,,,yes,yes,87.08,,91,91,43,329,yes,yes,yes,0,no,,
slist_test_removeFirst.wasm,slist/slist_test_removeFirst.wasm,,memory_388034ba,,51388,55857,21,21,4,4,ok,ok,timeout,no_entry,,,yes,yes,84.84,,91,93,43,45,yes,yes,yes,0,no,,
slist_test_removeFirst.wasm,slist/slist_test_removeFirst.wasm,,alias_name_641d2dce,,51388,46455,21,307,4,4,ok,ok,timeout,no_entry,,,yes,yes,98.43,,91,91,43,329,yes,yes,yes,0,no,,
slist_test_removeFirst.wasm,slist/slist_test_removeFirst.wasm,,alias_memory_932b4ee6,,51388,56858,21,307,4,4,ok,ok,timeout,no_entry,,,yes,yes,84.03,,91,93,43,331,yes,yes,yes,0,no,,
slist_test_removeFirst.wasm,slist/slist_test_removeFirst.wasm,,collatz_fdce5754,,51388,,21,,4,,ok,missing,timeout,,,,yes,,,,91,,43,,yes,yes,yes,0,no,,
slist_test_removeFirst.wasm,slist/slist_test_removeFirst.wasm,,cf_c4b4eb4f,,51388,,21,,4,,ok,missing,timeout,,,,yes,,,,91,,43,,yes,yes,yes,0,no,,
slist_test_removeFirst.wasm,slist/slist_test_removeFirst.wasm,,ca_f57043c8,,51388,,21,,4,,ok,missing,timeout,,,,yes,,,,91,,43,,yes,yes,yes,0,no,,
slist_test_removeFirst.wasm,slist/slist_test_removeFirst.wasm,,flatten_memory_b5b1b370,,51388,59817,21,21,4,4,ok,ok,timeout,no_entry,,,yes,yes,74.76,,91,93,43,45,yes,yes,yes,0,no,,
slist_test_removeFirst.wasm,slist/slist_test_removeFirst.wasm,,name_memory_0884a870,,51388,55861,21,21,4,4,ok,ok,timeout,no_entry,,,yes,yes,84.84,,91,93,43,45,yes,yes,yes,0,no,,
slist_test_removeFirst.wasm,slist/slist_test_removeFirst.wasm,,flatten_alias_name_49301daa,,51388,50449,21,307,4,4,ok,ok,timeout,no_entry,,,yes,yes,87.36,,91,91,43,329,yes,yes,yes,0,no,,
slist_test_removeFirst.wasm,slist/slist_test_removeFirst.wasm,,alias_name_memory_d6241a35,,51388,56896,21,307,4,4,ok,ok,timeout,no_entry,,,yes,yes,84.03,,91,93,43,331,yes,yes,yes,0,no,,
slist_test_removeFirst.wasm,slist/slist_test_removeFirst.wasm,,alias_cf_e3e128f4,,51388,46473,21,307,4,4,ok,ok,timeout,no_entry,,,yes,yes,98.43,,91,91,43,329,yes,yes,yes,0,no,,
slist_test_removeFirst.wasm,slist/slist_test_removeFirst.wasm,,flatten_alias_memory_3e9262e9,,51388,60831,21,307,4,4,ok,ok,timeout,no_entry,,,yes,yes,74.68,,91,93,43,331,yes,yes,yes,0,no,,
slist_test_removeFirst.wasm,slist/slist_test_removeFirst.wasm,,flatten_name_memory_baa49559,,51388,59831,21,21,4,4,ok,ok,timeout,no_entry,,,yes,yes,74.49,,91,93,43,45,yes,yes,yes,0,no,,
slist_test_removeFirst.wasm,slist/slist_test_removeFirst.wasm,,flatten_ca_5db3481c,,51388,49417,21,21,4,4,ok,ok,timeout,no_entry,,,yes,yes,89.05,,91,91,43,43,yes,yes,yes,0,no,,
slist_test_removeFirst.wasm,slist/slist_test_removeFirst.wasm,,flatten_cf_5c9a8345,,51388,52198,21,21,4,4,ok,ok,timeout,no_entry,,,yes,yes,85.87,,91,92,43,43,yes,yes,yes,0,no,,
slist_test_removeFirst.wasm,slist/slist_test_removeFirst.wasm,,name_collatz_e7554d9d,,51388,45449,21,21,4,4,ok,ok,timeout,no_entry,,,yes,yes,99.53,,91,91,43,43,yes,yes,yes,0,no,,
slist_test_removeFirst.wasm,slist/slist_test_removeFirst.wasm,,name_cf_c6ac8718,,51388,45449,21,21,4,4,ok,ok,timeout,no_entry,,,yes,yes,99.53,,91,91,43,43,yes,yes,yes,0,no,,
slist_test_removeFirst.wasm,slist/slist_test_removeFirst.wasm,,flatten_collatz_b254fb75,,51388,52199,21,21,4,4,ok,ok,timeout,no_entry,,,yes,yes,85.26,,91,92,43,43,yes,yes,yes,0,no,,
slist_test_removeFirst.wasm,slist/slist_test_removeFirst.wasm,,name_ca_4d76000c,,51388,45449,21,21,4,4,ok,ok,timeout,no_entry,,,yes,yes,99.53,,91,91,43,43,yes,yes,yes,0,no,,
slist_test_removeFirst.wasm,slist/slist_test_removeFirst.wasm,,flatten_alias_name_memory_19cf4fe0,,51388,60917,21,307,4,4,ok,ok,timeout,no_entry,,,yes,yes,75.13,,91,93,43,331,yes,yes,yes,0,no,,
slist_test_removeFirst.wasm,slist/slist_test_removeFirst.wasm,,memory_collatz_af4149d0,,51388,55835,21,21,4,4,ok,ok,timeout,no_entry,,,yes,yes,84.84,,91,93,43,45,yes,yes,yes,0,no,,
slist_test_removeFirst.wasm,slist/slist_test_removeFirst.wasm,,memory_cf_21ff907a,,51388,55871,21,21,4,4,ok,ok,timeout,no_entry,,,yes,yes,84.84,,91,93,43,45,yes,yes,yes,0,no,,
slist_test_removeFirst.wasm,slist/slist_test_removeFirst.wasm,,memory_ca_ddcab17c,,51388,55839,21,21,4,4,ok,ok,timeout,no_entry,,,yes,yes,84.84,,91,93,43,45,yes,yes,yes,0,no,,
slist_test_removeFirst.wasm,slist/slist_test_removeFirst.wasm,,flatten_alias_cf_7cea9f39,,51388,53500,21,410,4,4,ok,ok,timeout,no_entry,,,yes,yes,84.31,,91,92,43,419,yes,yes,yes,0,no,,
slist_test_removeFirst.wasm,slist/slist_test_removeFirst.wasm,,flatten_name_ca_55fa31d8,,51388,49417,21,21,4,4,ok,ok,timeout,no_entry,,,yes,yes,87.69,,91,91,43,43,yes,yes,yes,0,no,,
slist_test_removeFirst.wasm,slist/slist_test_removeFirst.wasm,,flatten_name_collatz_901762f8,,51388,52202,21,21,4,4,ok,ok,timeout,no_entry,,,yes,yes,85.38,,91,92,43,43,yes,yes,yes,0,no,,
slist_test_removeFirst.wasm,slist/slist_test_removeFirst.wasm,,alias_name_cf_767cdaa4,,51388,46442,21,307,4,4,ok,ok,timeout,no_entry,,,yes,yes,98.43,,91,91,43,329,yes,yes,yes,0,no,,
slist_test_removeFirst.wasm,slist/slist_test_removeFirst.wasm,,flatten_name_cf_bca81cfb,,51388,52186,21,21,4,4,ok,ok,timeout,no_entry,,,yes,yes,85.17,,91,92,43,43,yes,yes,yes,0,no,,
slist_test_removeFirst.wasm,slist/slist_test_removeFirst.wasm,,flatten_memory_collatz_89dbf4d1,,51388,62585,21,21,4,4,ok,ok,timeout,no_entry,,,yes,yes,73.95,,91,94,43,45,yes,yes,yes,0,no,,
slist_test_removeFirst.wasm,slist/slist_test_removeFirst.wasm,,flatten_memory_cf_e2d023bb,,51388,62598,21,21,4,4,ok,ok,timeout,no_entry,,,yes,yes,74.07,,91,94,43,45,yes,yes,yes,0,no,,
slist_test_removeFirst.wasm,slist/slist_test_removeFirst.wasm,,flatten_memory_ca_6c5bdf17,,51388,59838,21,21,4,4,ok,ok,timeout,no_entry,,,yes,yes,75.33,,91,93,43,45,yes,yes,yes,0,no,,
slist_test_removeFirst.wasm,slist/slist_test_removeFirst.wasm,,alias_ca_7abea83d,,51388,769562,21,21770,4,4,ok,ok,timeout,no_entry,,,yes,yes,2.05,,91,92,43,21792,yes,yes,yes,0,no,,
slist_test_removeFirst.wasm,slist/slist_test_removeFirst.wasm,,alias_collatz_0cab36e1,,51388,791097,21,21770,4,4,ok,ok,timeout,no_entry,,,yes,yes,2.05,,91,92,43,21792,yes,yes,yes,0,no,,
slist_test_removeFirst.wasm,slist/slist_test_removeFirst.wasm,,alias_name_collatz_0afcc099,,51388,769712,21,21770,4,4,ok,ok,timeout,no_entry,,,yes,yes,2.05,,91,92,43,21792,yes,yes,yes,0,no,,
slist_test_removeFirst.wasm,slist/slist_test_removeFirst.wasm,,flatten_alias_ca_5e90adcd,,51388,773580,21,21770,4,4,ok,ok,timeout,no_entry,,,yes,yes,1.95,,91,92,43,21792,yes,yes,yes,0,no,,
slist_test_removeFirst.wasm,slist/slist_test_removeFirst.wasm,,alias_memory_cf_f434c207,,51388,56915,21,307,4,4,ok,ok,timeout,no_entry,,,yes,yes,84.03,,91,93,43,331,yes,yes,yes,0,no,,
slist_test_removeFirst.wasm,slist/slist_test_removeFirst.wasm,,name_memory_collatz_e51cfb5b,,51388,55824,21,21,4,4,ok,ok,timeout,no_entry,,,yes,yes,84.84,,91,93,43,45,yes,yes,yes,0,no,,
slist_test_removeFirst.wasm,slist/slist_test_removeFirst.wasm,,name_memory_cf_e691cb44,,51388,55828,21,21,4,4,ok,ok,timeout,no_entry,,,yes,yes,84.84,,91,93,43,45,yes,yes,yes,0,no,,
slist_test_removeFirst.wasm,slist/slist_test_removeFirst.wasm,,name_memory_ca_2c2bdee8,,51388,55840,21,21,4,4,ok,ok,timeout,no_entry,,,yes,yes,84.84,,91,93,43,45,yes,yes,yes,0,no,,
slist_test_removeFirst.wasm,slist/slist_test_removeFirst.wasm,,flatten_alias_name_cf_1779bd3e,,51388,53505,21,410,4,4,ok,ok,timeout,no_entry,,,yes,yes,84.97,,91,92,43,419,yes,yes,yes,0,no,,
slist_test_removeFirst.wasm,slist/slist_test_removeFirst.wasm,,flatten_alias_memory_cf_60689546,,51388,63940,21,410,4,4,ok,ok,timeout,no_entry,,,yes,yes,72.19,,91,94,43,421,yes,yes,yes,0,no,,
slist_test_removeFirst.wasm,slist/slist_test_removeFirst.wasm,,flatten_name_memory_collatz_baea4488,,51388,62583,21,21,4,4,ok,ok,timeout,no_entry,,,yes,yes,73.54,,91,94,43,45,yes,yes,yes,0,no,,
slist_test_removeFirst.wasm,slist/slist_test_removeFirst.wasm,,flatten_alias_collatz_24b5e27e,,51388,1027291,21,31485,4,4,ok,ok,timeout,no_entry,,,yes,yes,1.52,,91,93,43,30311,yes,yes,yes,0,no,,
slist_test_removeFirst.wasm,slist/slist_test_removeFirst.wasm,,flatten_name_memory_cf_2236aac2,,51388,62609,21,21,4,4,ok,ok,timeout,no_entry,,,yes,yes,73.7,,91,94,43,45,yes,yes,yes,0,no,,
slist_test_removeFirst.wasm,slist/slist_test_removeFirst.wasm,,flatten_name_memory_ca_9379bc87,,51388,59820,21,21,4,4,ok,ok,timeout,no_entry,,,yes,yes,75.26,,91,93,43,45,yes,yes,yes,0,no,,
slist_test_removeFirst.wasm,slist/slist_test_removeFirst.wasm,,alias_name_memory_cf_814aa90f,,51388,56854,21,307,4,4,ok,ok,timeout,no_entry,,,yes,yes,84.03,,91,93,43,331,yes,yes,yes,0,no,,
slist_test_removeFirst.wasm,slist/slist_test_removeFirst.wasm,,flatten_alias_name_memory_cf_7cbe8195,,51388,63862,21,410,4,4,ok,ok,timeout,no_entry,,,yes,yes,72.37,,91,94,43,421,yes,yes,yes,0,no,,
slist_test_removeFirst.wasm,slist/slist_test_removeFirst.wasm,,alias_memory_ca_548e57f0,,51388,801442,21,21770,4,4,ok,ok,timeout,no_entry,,,yes,yes,2.02,,91,94,43,21794,yes,yes,yes,0,no,,
slist_test_removeFirst.wasm,slist/slist_test_removeFirst.wasm,,alias_name_ca_9422291c,,51388,769533,21,21770,4,4,ok,ok,timeout,no_entry,,,yes,yes,2.05,,91,92,43,21792,yes,yes,yes,0,no,,
slist_test_removeFirst.wasm,slist/slist_test_removeFirst.wasm,,alias_memory_collatz_bcfe6c3f,,51388,779972,21,21770,4,4,ok,ok,timeout,no_entry,,,yes,yes,2.02,,91,94,43,21794,yes,yes,yes,0,no,,
slist_test_removeFirst.wasm,slist/slist_test_removeFirst.wasm,,flatten_alias_name_ca_21adc169,,51388,794810,21,21770,4,4,ok,ok,timeout,no_entry,,,yes,yes,1.96,,91,92,43,21792,yes,yes,yes,0,no,,
slist_test_removeFirst.wasm,slist/slist_test_removeFirst.wasm,,flatten_alias_memory_ca_39d9959e,,51388,805413,21,21770,4,4,ok,ok,timeout,no_entry,,,yes,yes,1.96,,91,94,43,21794,yes,yes,yes,0,no,,
slist_test_removeFirst.wasm,slist/slist_test_removeFirst.wasm,,collatz_cf_b5461615,,51388,,21,,4,,ok,missing,timeout,,,,yes,,,,91,,43,,yes,yes,yes,0,no,,
slist_test_removeFirst.wasm,slist/slist_test_removeFirst.wasm,,collatz_ca_623dfcce,,51388,,21,,4,,ok,missing,timeout,,,,yes,,,,91,,43,,yes,yes,yes,0,no,,
slist_test_removeFirst.wasm,slist/slist_test_removeFirst.wasm,,cf_ca_b998026f,,51388,,21,,4,,ok,missing,timeout,,,,yes,,,,91,,43,,yes,yes,yes,0,no,,
slist_test_removeFirst.wasm,slist/slist_test_removeFirst.wasm,,all_a66f3686,,51388,60924,21,307,4,4,ok,ok,timeout,no_entry,,,yes,yes,73.57,,91,93,43,331,yes,yes,yes,0,no,,
slist_test_removeFirst.wasm,slist/slist_test_removeFirst.wasm,,flatten_alias_name_collatz_9685379e,,51388,1058395,21,31485,4,4,ok,ok,timeout,no_entry,,,yes,yes,1.53,,91,93,43,30311,yes,yes,yes,0,no,,
slist_test_removeFirst.wasm,slist/slist_test_removeFirst.wasm,,alias_name_memory_collatz_f3f4e222,,51388,779835,21,21770,4,4,ok,ok,timeout,no_entry,,,yes,yes,2.02,,91,94,43,21794,yes,yes,yes,0,no,,
slist_test_removeFirst.wasm,slist/slist_test_removeFirst.wasm,,flatten_alias_memory_collatz_b38aa207,,51388,1068952,21,31485,4,4,ok,ok,timeout,no_entry,,,yes,yes,1.5,,91,95,43,30313,yes,yes,yes,0,no,,
slist_test_removeFirst.wasm,slist/slist_test_removeFirst.wasm,,alias_name_memory_ca_a29dcefe,,51388,801388,21,21770,4,4,ok,ok,timeout,no_entry,,,yes,yes,2.02,,91,94,43,21794,yes,yes,yes,0,no,,
slist_test_removeFirst.wasm,slist/slist_test_removeFirst.wasm,,flatten_alias_name_memory_ca_22f6a628,,51388,783963,21,21770,4,4,ok,ok,timeout,no_entry,,,yes,yes,1.96,,91,94,43,21794,yes,yes,yes,0,no,,
slist_test_removeFirst.wasm,slist/slist_test_removeFirst.wasm,,all_safe_4075cba7,,51388,60830,21,307,4,4,ok,ok,timeout,no_entry,,,yes,yes,74.32,,91,93,43,331,yes,yes,yes,0,no,,
slist_test_removeFirst.wasm,slist/slist_test_removeFirst.wasm,,flatten_alias_name_memory_collatz_b2afc70e,,51388,1037856,21,31485,4,4,ok,ok,timeout,no_entry,,,yes,yes,1.5,,91,95,43,30313,yes,yes,yes,0,no,,
slist_test_splice.wasm,slist/slist_test_splice.wasm,,name_958c858c,,52317,46288,20,20,4,4,ok,ok,timeout,no_entry,,,yes,yes,99.53,,93,93,42,42,yes,yes,yes,0,no,,
slist_test_splice.wasm,slist/slist_test_splice.wasm,,alias_4fc2fca4,,52317,47367,20,311,4,4,ok,ok,timeout,no_entry,,,yes,yes,98.42,,93,93,42,333,yes,yes,yes,0,no,,
slist_test_splice.wasm,slist/slist_test_splice.wasm,,flatten_590ca8ca,,52317,50561,20,20,4,4,ok,ok,timeout,no_entry,,,yes,yes,88.48,,93,93,42,42,yes,yes,yes,0,no,,
slist_test_splice.wasm,slist/slist_test_splice.wasm,,flatten_name_238e1a65,,52317,50561,20,20,4,4,ok,ok,timeout,no_entry,,,yes,yes,88.08,,93,93,42,42,yes,yes,yes,0,no,,
slist_test_splice.wasm,slist/slist_test_splice.wasm,,flatten_alias_cb95f833,,52317,51614,20,311,4,4,ok,ok,timeout,no_entry,,,yes,yes,87.22,,93,93,42,333,yes,yes,yes,0,no,,
slist_test_splice.wasm,slist/slist_test_splice.wasm,,memory_2ff94883,,52317,57049,20,20,4,4,ok,ok,timeout,no_entry,,,yes,yes,84.67,,93,95,42,44,yes,yes,yes,0,no,,
slist_test_splice.wasm,slist/slist_test_splice.wasm,,alias_name_e00e8e7c,,52317,47402,20,311,4,4,ok,ok,timeout,no_entry,,,yes,yes,98.42,,93,93,42,333,yes,yes,yes,0,no,,
slist_test_splice.wasm,slist/slist_test_splice.wasm,,collatz_fa16ae04,,52317,,20,,4,,ok,missing,timeout,,,,yes,,,,93,,42,,yes,yes,yes,0,no,,
slist_test_splice.wasm,slist/slist_test_splice.wasm,,cf_21ca7850,,52317,,20,,4,,ok,missing,timeout,,,,yes,,,,93,,42,,yes,yes,yes,0,no,,
slist_test_splice.wasm,slist/slist_test_splice.wasm,,ca_62b84e8c,,52317,,20,,4,,ok,missing,timeout,,,,yes,,,,93,,42,,yes,yes,yes,0,no,,
slist_test_splice.wasm,slist/slist_test_splice.wasm,,flatten_memory_8811f61c,,52317,61303,20,20,4,4,ok,ok,timeout,no_entry,,,yes,yes,74.36,,93,95,42,44,yes,yes,yes,0,no,,
slist_test_splice.wasm,slist/slist_test_splice.wasm,,flatten_alias_name_e226b420,,52317,51591,20,311,4,4,ok,ok,timeout,no_entry,,,yes,yes,87.49,,93,93,42,333,yes,yes,yes,0,no,,
slist_test_splice.wasm,slist/slist_test_splice.wasm,,name_memory_af6fad2d,,52317,57033,20,20,4,4,ok,ok,timeout,no_entry,,,yes,yes,84.67,,93,95,42,44,yes,yes,yes,0,no,,
slist_test_splice.wasm,slist/slist_test_splice.wasm,,alias_memory_d9347f89,,52317,58037,20,311,4,4,ok,ok,timeout,no_entry,,,yes,yes,83.85,,93,95,42,335,yes,yes,yes,0,no,,
slist_test_splice.wasm,slist/slist_test_splice.wasm,,flatten_alias_memory_4f06e4d1,,52317,62331,20,311,4,4,ok,ok,timeout,no_entry,,,yes,yes,73.92,,93,95,42,335,yes,yes,yes,0,no,,
slist_test_splice.wasm,slist/slist_test_splice.wasm,,alias_name_memory_d6f06205,,52317,58076,20,311,4,4,ok,ok,timeout,no_entry,,,yes,yes,83.85,,93,95,42,335,yes,yes,yes,0,no,,
slist_test_splice.wasm,slist/slist_test_splice.wasm,,flatten_name_memory_4361c7f1,,52317,61301,20,20,4,4,ok,ok,timeout,no_entry,,,yes,yes,73.72,,93,95,42,44,yes,yes,yes,0,no,,
slist_test_splice.wasm,slist/slist_test_splice.wasm,,alias_cf_13ae53f0,,52317,47344,20,311,4,4,ok,ok,timeout,no_entry,,,yes,yes,98.42,,93,93,42,333,yes,yes,yes,0,no,,
slist_test_splice.wasm,slist/slist_test_splice.wasm,,flatten_collatz_3de0439b,,52317,53379,20,20,4,4,ok,ok,timeout,no_entry,,,yes,yes,86.26,,93,94,42,42,yes,yes,yes,0,no,,
slist_test_splice.wasm,slist/slist_test_splice.wasm,,name_collatz_aeb13334,,52317,46288,20,20,4,4,ok,ok,timeout,no_entry,,,yes,yes,99.53,,93,93,42,42,yes,yes,yes,0,no,,
slist_test_splice.wasm,slist/slist_test_splice.wasm,,flatten_ca_f7138d36,,52317,50561,20,20,4,4,ok,ok,timeout,no_entry,,,yes,yes,86.75,,93,93,42,42,yes,yes,yes,0,no,,
slist_test_splice.wasm,slist/slist_test_splice.wasm,,flatten_alias_name_memory_af2b7e9b,,52317,62319,20,311,4,4,ok,ok,timeout,no_entry,,,yes,yes,73.29,,93,95,42,335,yes,yes,yes,0,no,,
slist_test_splice.wasm,slist/slist_test_splice.wasm,,flatten_cf_b0ca85d4,,52317,53383,20,20,4,4,ok,ok,timeout,no_entry,,,yes,yes,85.37,,93,94,42,42,yes,yes,yes,0,no,,
slist_test_splice.wasm,slist/slist_test_splice.wasm,,name_cf_c0f8d789,,52317,46288,20,20,4,4,ok,ok,timeout,no_entry,,,yes,yes,99.53,,93,93,42,42,yes,yes,yes,0,no,,
slist_test_splice.wasm,slist/slist_test_splice.wasm,,name_ca_ceae3489,,52317,46288,20,20,4,4,ok,ok,timeout,no_entry,,,yes,yes,99.53,,93,93,42,42,yes,yes,yes,0,no,,
slist_test_splice.wasm,slist/slist_test_splice.wasm,,memory_collatz_bda4cac5,,52317,57025,20,20,4,4,ok,ok,timeout,no_entry,,,yes,yes,84.67,,93,95,42,44,yes,yes,yes,0,no,,
slist_test_splice.wasm,slist/slist_test_splice.wasm,,memory_cf_0a14fa7f,,52317,57018,20,20,4,4,ok,ok,timeout,no_entry,,,yes,yes,84.67,,93,95,42,44,yes,yes,yes,0,no,,
slist_test_splice.wasm,slist/slist_test_splice.wasm,,memory_ca_01e5b804,,52317,57047,20,20,4,4,ok,ok,timeout,no_entry,,,yes,yes,84.67,,93,95,42,44,yes,yes,yes,0,no,,
slist_test_splice.wasm,slist/slist_test_splice.wasm,,flatten_alias_cf_31b77b1a,,52317,54754,20,415,4,4,ok,ok,timeout,no_entry,,,yes,yes,84.38,,93,94,42,422,yes,yes,yes,0,no,,
slist_test_splice.wasm,slist/slist_test_splice.wasm,,flatten_name_ca_f8229953,,52317,50561,20,20,4,4,ok,ok,timeout,no_entry,,,yes,yes,86.96,,93,93,42,42,yes,yes,yes,0,no,,
slist_test_splice.wasm,slist/slist_test_splice.wasm,,flatten_name_collatz_9c022593,,52317,53379,20,20,4,4,ok,ok,timeout,no_entry,,,yes,yes,85.3,,93,94,42,42,yes,yes,yes,0,no,,
slist_test_splice.wasm,slist/slist_test_splice.wasm,,flatten_name_cf_4cd1b115,,52317,53378,20,20,4,4,ok,ok,timeout,no_entry,,,yes,yes,84.99,,93,94,42,42,yes,yes,yes,0,no,,
slist_test_splice.wasm,slist/slist_test_splice.wasm,,flatten_memory_collatz_5f26e704,,52317,64161,20,20,4,4,ok,ok,timeout,no_entry,,,yes,yes,72.63,,93,96,42,44,yes,yes,yes,0,no,,
slist_test_splice.wasm,slist/slist_test_splice.wasm,,flatten_memory_cf_7fec9877,,52317,64118,20,20,4,4,ok,ok,timeout,no_entry,,,yes,yes,73.58,,93,96,42,44,yes,yes,yes,0,no,,
slist_test_splice.wasm,slist/slist_test_splice.wasm,,flatten_memory_ca_7df20e72,,52317,61311,20,20,4,4,ok,ok,timeout,no_entry,,,yes,yes,73.98,,93,95,42,44,yes,yes,yes,0,no,,
slist_test_splice.wasm,slist/slist_test_splice.wasm,,alias_ca_12142ff4,,52317,787086,20,22247,4,4,ok,ok,timeout,no_entry,,,yes,yes,2.0,,93,94,42,22269,yes,yes,yes,0,no,,
slist_test_splice.wasm,slist/slist_test_splice.wasm,,alias_collatz_1f1c1d04,,52317,787120,20,22247,4,4,ok,ok,timeout,no_entry,,,yes,yes,2.0,,93,94,42,22269,yes,yes,yes,0,no,,
slist_test_splice.wasm,slist/slist_test_splice.wasm,,alias_name_cf_e833e08c,,52317,47309,20,311,4,4,ok,ok,timeout,no_entry,,,yes,yes,98.42,,93,93,42,333,yes,yes,yes,0,no,,
slist_test_splice.wasm,slist/slist_test_splice.wasm,,flatten_alias_ca_2dad9623,,52317,791419,20,22247,4,4,ok,ok,timeout,no_entry,,,yes,yes,1.91,,93,94,42,22269,yes,yes,yes,0,no,,
slist_test_splice.wasm,slist/slist_test_splice.wasm,,alias_memory_cf_61142934,,52317,58137,20,311,4,4,ok,ok,timeout,no_entry,,,yes,yes,83.86,,93,95,42,335,yes,yes,yes,0,no,,
slist_test_splice.wasm,slist/slist_test_splice.wasm,,name_memory_collatz_c1b464c2,,52317,57041,20,20,4,4,ok,ok,timeout,no_entry,,,yes,yes,84.67,,93,95,42,44,yes,yes,yes,0,no,,
slist_test_splice.wasm,slist/slist_test_splice.wasm,,name_memory_cf_614b519b,,52317,57048,20,20,4,4,ok,ok,timeout,no_entry,,,yes,yes,84.67,,93,95,42,44,yes,yes,yes,0,no,,
slist_test_splice.wasm,slist/slist_test_splice.wasm,,name_memory_ca_a2c976b2,,52317,57042,20,20,4,4,ok,ok,timeout,no_entry,,,yes,yes,84.67,,93,95,42,44,yes,yes,yes,0,no,,
slist_test_splice.wasm,slist/slist_test_splice.wasm,,flatten_alias_collatz_d637bd67,,52317,1087178,20,32262,4,4,ok,ok,timeout,no_entry,,,yes,yes,1.48,,93,95,42,30874,yes,yes,yes,0,no,,
slist_test_splice.wasm,slist/slist_test_splice.wasm,,flatten_alias_name_cf_50b38dec,,52317,54876,20,415,4,4,ok,ok,timeout,no_entry,,,yes,yes,85.27,,93,94,42,422,yes,yes,yes,0,no,,
slist_test_splice.wasm,slist/slist_test_splice.wasm,,flatten_alias_memory_cf_6eaeaf9b,,52317,65566,20,415,4,4,ok,ok,timeout,no_entry,,,yes,yes,72.56,,93,96,42,424,yes,yes,yes,0,no,,
slist_test_removeAt.wasm,slist/slist_test_removeAt.wasm,,collatz_cf_19dfb563,,52168,,21,,4,,ok,missing,timeout,,,,yes,,,,92,,43,,yes,yes,yes,0,no,,
slist_test_removeAt.wasm,slist/slist_test_removeAt.wasm,,collatz_6d6e0cce,,52168,,21,,4,,ok,missing,timeout,,,,yes,,,,92,,43,,yes,yes,yes,0,no,,
slist_test_removeAt.wasm,slist/slist_test_removeAt.wasm,,cf_7f048048,,52168,,21,,4,,ok,missing,timeout,,,,yes,,,,92,,43,,yes,yes,yes,0,no,,
slist_test_removeAt.wasm,slist/slist_test_removeAt.wasm,,cf_ca_e4c0439b,,52168,,21,,4,,ok,missing,timeout,,,,yes,,,,92,,43,,yes,yes,yes,0,no,,
slist_test_removeAt.wasm,slist/slist_test_removeAt.wasm,,ca_9cb9175c,,52168,,21,,4,,ok,missing,timeout,,,,yes,,,,92,,43,,yes,yes,yes,0,no,,
slist_test_removeAt.wasm,slist/slist_test_removeAt.wasm,,collatz_ca_32b03526,,52168,,21,,4,,ok,missing,timeout,,,,yes,,,,92,,43,,yes,yes,yes,0,no,,
slist_test_removeAt.wasm,slist/slist_test_removeAt.wasm,,alias_e1799fb6,,52168,47296,21,313,4,4,ok,ok,timeout,no_entry,,,yes,yes,98.42,,92,92,43,335,yes,yes,yes,0,no,,
slist_test_removeAt.wasm,slist/slist_test_removeAt.wasm,,name_collatz_922937ef,,52168,46169,21,21,4,4,ok,ok,timeout,no_entry,,,yes,yes,99.52,,92,92,43,43,yes,yes,yes,0,no,,
slist_test_removeAt.wasm,slist/slist_test_removeAt.wasm,,flatten_name_ca_e72e1f98,,52168,50526,21,21,4,4,ok,ok,timeout,no_entry,,,yes,yes,88.32,,92,92,43,43,yes,yes,yes,0,no,,
slist_test_removeAt.wasm,slist/slist_test_removeAt.wasm,,memory_ca_55a84a8f,,52168,56820,21,21,4,4,ok,ok,timeout,no_entry,,,yes,yes,84.76,,92,94,43,45,yes,yes,yes,0,no,,
slist_test_removeAt.wasm,slist/slist_test_removeAt.wasm,,name_8458f84d,,52168,46169,21,21,4,4,ok,ok,timeout,no_entry,,,yes,yes,99.52,,92,92,43,43,yes,yes,yes,0,no,,
slist_test_removeAt.wasm,slist/slist_test_removeAt.wasm,,alias_name_memory_cf_6306334d,,52168,57824,21,313,4,4,ok,ok,timeout,no_entry,,,yes,yes,83.94,,92,94,43,337,yes,yes,yes,0,no,,
slist_test_removeAt.wasm,slist/slist_test_removeAt.wasm,,name_memory_ca_157790ea,,52168,56838,21,21,4,4,ok,ok,timeout,no_entry,,,yes,yes,84.75,,92,94,43,45,yes,yes,yes,0,no,,
slist_test_removeAt.wasm,slist/slist_test_removeAt.wasm,,alias_memory_cf_1003e362,,52168,57890,21,313,4,4,ok,ok,timeout,no_entry,,,yes,yes,83.94,,92,94,43,337,yes,yes,yes,0,no,,
slist_test_removeAt.wasm,slist/slist_test_removeAt.wasm,,alias_cf_d597a41b,,52168,47192,21,313,4,4,ok,ok,timeout,no_entry,,,yes,yes,98.42,,92,92,43,335,yes,yes,yes,0,no,,
slist_test_removeAt.wasm,slist/slist_test_removeAt.wasm,,flatten_alias_name_memory_10cf1414,,52168,62279,21,313,4,4,ok,ok,timeout,no_entry,,,yes,yes,73.96,,92,94,43,337,yes,yes,yes,0,no,,
slist_test_removeAt.wasm,slist/slist_test_removeAt.wasm,,alias_name_796cb783,,52168,47185,21,313,4,4,ok,ok,timeout,no_entry,,,yes,yes,98.42,,92,92,43,335,yes,yes,yes,0,no,,
slist_test_removeAt.wasm,slist/slist_test_removeAt.wasm,,name_memory_d7b1e66d,,52168,56834,21,21,4,4,ok,ok,timeout,no_entry,,,yes,yes,84.76,,92,94,43,45,yes,yes,yes,0,no,,
slist_test_removeAt.wasm,slist/slist_test_removeAt.wasm,,memory_cf_bec9018e,,52168,56816,21,21,4,4,ok,ok,timeout,no_entry,,,yes,yes,84.76,,92,94,43,45,yes,yes,yes,0,no,,
slist_test_removeAt.wasm,slist/slist_test_removeAt.wasm,,flatten_alias_memory_cf_d2bddb38,,52168,65932,21,429,4,4,ok,ok,timeout,no_entry,,,yes,yes,71.84,,92,95,43,439,yes,yes,yes,0,no,,
slist_test_removeAt.wasm,slist/slist_test_removeAt.wasm,,alias_name_cf_a68b6663,,52168,47239,21,313,4,4,ok,ok,timeout,no_entry,,,yes,yes,98.42,,92,92,43,335,yes,yes,yes,0,no,,
slist_test_removeAt.wasm,slist/slist_test_removeAt.wasm,,name_cf_8108a573,,52168,46169,21,21,4,4,ok,ok,timeout,no_entry,,,yes,yes,99.52,,92,92,43,43,yes,yes,yes,0,no,,
slist_test_removeAt.wasm,slist/slist_test_removeAt.wasm,,name_ca_2948d787,,52168,46169,21,21,4,4,ok,ok,timeout,no_entry,,,yes,yes,99.52,,92,92,43,43,yes,yes,yes,0,no,,
slist_test_removeAt.wasm,slist/slist_test_removeAt.wasm,,alias_memory_df3d8a93,,52168,57821,21,313,4,4,ok,ok,timeout,no_entry,,,yes,yes,83.94,,92,94,43,337,yes,yes,yes,0,no,,
slist_test_removeAt.wasm,slist/slist_test_removeAt.wasm,,alias_name_memory_87d215cb,,52168,57878,21,313,4,4,ok,ok,timeout,no_entry,,,yes,yes,83.94,,92,94,43,337,yes,yes,yes,0,no,,
slist_test_removeAt.wasm,slist/slist_test_removeAt.wasm,,flatten_name_9fb8343c,,52168,50526,21,21,4,4,ok,ok,timeout,no_entry,,,yes,yes,87.37,,92,92,43,43,yes,yes,yes,0,no,,
slist_test_removeAt.wasm,slist/slist_test_removeAt.wasm,,memory_collatz_c7a2fbf4,,52168,56839,21,21,4,4,ok,ok,timeout,no_entry,,,yes,yes,84.75,,92,94,43,45,yes,yes,yes,0,no,,
slist_test_removeAt.wasm,slist/slist_test_removeAt.wasm,,flatten_alias_name_cf_7d51b237,,52168,55236,21,429,4,4,ok,ok,timeout,no_entry,,,yes,yes,83.53,,92,93,43,437,yes,yes,yes,0,no,,
slist_test_removeAt.wasm,slist/slist_test_removeAt.wasm,,flatten_ca_ae3b90ab,,52168,50526,21,21,4,4,ok,ok,timeout,no_entry,,,yes,yes,86.8,,92,92,43,43,yes,yes,yes,0,no,,
slist_test_removeAt.wasm,slist/slist_test_removeAt.wasm,,flatten_alias_cf_f3a1c8a7,,52168,55154,21,429,4,4,ok,ok,timeout,no_entry,,,yes,yes,83.89,,92,93,43,437,yes,yes,yes,0,no,,
slist_test_removeAt.wasm,slist/slist_test_removeAt.wasm,,flatten_name_cf_3a913c82,,52168,53749,21,21,4,4,ok,ok,timeout,no_entry,,,yes,yes,84.13,,92,93,43,43,yes,yes,yes,0,no,,
slist_test_removeAt.wasm,slist/slist_test_removeAt.wasm,,flatten_alias_8a6a6854,,52168,51632,21,313,4,4,ok,ok,timeout,no_entry,,,yes,yes,85.88,,92,92,43,335,yes,yes,yes,0,no,,
slist_test_removeAt.wasm,slist/slist_test_removeAt.wasm,,memory_3dda7ca1,,52168,56819,21,21,4,4,ok,ok,timeout,no_entry,,,yes,yes,84.75,,92,94,43,45,yes,yes,yes,0,no,,
slist_test_removeAt.wasm,slist/slist_test_removeAt.wasm,,flatten_alias_name_3446e558,,52168,51576,21,313,4,4,ok,ok,timeout,no_entry,,,yes,yes,85.86,,92,92,43,335,yes,yes,yes,0,no,,
slist_test_removeAt.wasm,slist/slist_test_removeAt.wasm,,flatten_0b375d57,,52168,50526,21,21,4,4,ok,ok,timeout,no_entry,,,yes,yes,86.37,,92,92,43,43,yes,yes,yes,0,no,,
slist_test_removeAt.wasm,slist/slist_test_removeAt.wasm,,flatten_name_memory_collatz_e9b0363b,,52168,64407,21,21,4,4,ok,ok,timeout,no_entry,,,yes,yes,72.56,,92,95,43,45,yes,yes,yes,0,no,,
slist_test_removeAt.wasm,slist/slist_test_removeAt.wasm,,flatten_name_collatz_f30ef475,,52168,53744,21,21,4,4,ok,ok,timeout,no_entry,,,yes,yes,84.49,,92,93,43,43,yes,yes,yes,0,no,,
slist_test_removeAt.wasm,slist/slist_test_removeAt.wasm,,name_memory_cf_048a61d7,,52168,56819,21,21,4,4,ok,ok,timeout,no_entry,,,yes,yes,84.76,,92,94,43,45,yes,yes,yes,0,no,,
slist_test_removeAt.wasm,slist/slist_test_removeAt.wasm,,flatten_cf_88aa9ddd,,52168,53742,21,21,4,4,ok,ok,timeout,no_entry,,,yes,yes,85.49,,92,93,43,43,yes,yes,yes,0,no,,
slist_test_removeAt.wasm,slist/slist_test_removeAt.wasm,,flatten_collatz_a68a7782,,52168,53755,21,21,4,4,ok,ok,timeout,no_entry,,,yes,yes,84.6,,92,93,43,43,yes,yes,yes,0,no,,
slist_test_removeAt.wasm,slist/slist_test_removeAt.wasm,,name_memory_collatz_e9be12a8,,52168,56825,21,21,4,4,ok,ok,timeout,no_entry,,,yes,yes,84.75,,92,94,43,45,yes,yes,yes,0,no,,
slist_test_removeAt.wasm,slist/slist_test_removeAt.wasm,,all_safe_b5fa96fb,,52168,62272,21,313,4,4,ok,ok,timeout,no_entry,,,yes,yes,74.48,,92,94,43,337,yes,yes,yes,0,no,,
slist_test_removeAt.wasm,slist/slist_test_removeAt.wasm,,flatten_memory_collatz_f67c573b,,52168,64431,21,21,4,4,ok,ok,timeout,no_entry,,,yes,yes,73.07,,92,95,43,45,yes,yes,yes,0,no,,
slist_test_removeAt.wasm,slist/slist_test_removeAt.wasm,,flatten_name_memory_614b7dfc,,52168,61180,21,21,4,4,ok,ok,timeout,no_entry,,,yes,yes,73.72,,92,94,43,45,yes,yes,yes,0,no,,
slist_test_removeAt.wasm,slist/slist_test_removeAt.wasm,,all_3520c030,,52168,62209,21,313,4,4,ok,ok,timeout,no_entry,,,yes,yes,73.04,,92,94,43,337,yes,yes,yes,0,no,,
slist_test_removeAt.wasm,slist/slist_test_removeAt.wasm,,flatten_memory_ca_ddf35aa1,,52168,61170,21,21,4,4,ok,ok,timeout,no_entry,,,yes,yes,74.81,,92,94,43,45,yes,yes,yes,0,no,,
slist_test_removeAt.wasm,slist/slist_test_removeAt.wasm,,flatten_name_memory_ca_0be51760,,52168,61173,21,21,4,4,ok,ok,timeout,no_entry,,,yes,yes,74.17,,92,94,43,45,yes,yes,yes,0,no,,
slist_test_removeAt.wasm,slist/slist_test_removeAt.wasm,,flatten_alias_memory_0f692161,,52168,62222,21,313,4,4,ok,ok,timeout,no_entry,,,yes,yes,74.08,,92,94,43,337,yes,yes,yes,0,no,,
slist_test_removeAt.wasm,slist/slist_test_removeAt.wasm,,flatten_memory_d1976d6a,,52168,61191,21,21,4,4,ok,ok,timeout,no_entry,,,yes,yes,74.74,,92,94,43,45,yes,yes,yes,0,no,,
slist_test_removeAt.wasm,slist/slist_test_removeAt.wasm,,flatten_memory_cf_dc33271b,,52168,64393,21,21,4,4,ok,ok,timeout,no_entry,,,yes,yes,72.41,,92,95,43,45,yes,yes,yes,0,no,,
slist_test_removeAt.wasm,slist/slist_test_removeAt.wasm,,cf_24d5a0c7,,52168,,21,,4,,ok,missing,timeout,,,,yes,,,,92,,43,,yes,yes,yes,0,no,,
slist_test_removeAt.wasm,slist/slist_test_removeAt.wasm,,collatz_8a0f31b0,,52168,,21,,4,,ok,missing,timeout,,,,yes,,,,92,,43,,yes,yes,yes,0,no,,
slist_test_removeAt.wasm,slist/slist_test_removeAt.wasm,,ca_063ced15,,52168,,21,,4,,ok,missing,timeout,,,,yes,,,,92,,43,,yes,yes,yes,0,no,,
slist_test_removeAt.wasm,slist/slist_test_removeAt.wasm,,collatz_cf_67e866d1,,52168,,21,,4,,ok,missing,timeout,,,,yes,,,,92,,43,,yes,yes,yes,0,no,,
slist_test_removeFirst.wasm,slist/slist_test_removeFirst.wasm,,collatz_c7ec3aca,,51388,,21,,4,,ok,missing,timeout,,,,yes,,,,91,,43,,yes,yes,yes,0,no,,
slist_test_iterRemove.wasm,slist/slist_test_iterRemove.wasm,,cf_8c241dce,,53201,,21,,4,,ok,missing,timeout,,,,yes,,,,95,,43,,yes,yes,yes,0,no,,
slist_test_removeAt.wasm,slist/slist_test_removeAt.wasm,,cf_ca_d53b0dbc,,52168,,21,,4,,ok,missing,timeout,,,,yes,,,,92,,43,,yes,yes,yes,0,no,,
slist_test_iterRemove.wasm,slist/slist_test_iterRemove.wasm,,ca_6a4e16d7,,53201,,21,,4,,ok,missing,timeout,,,,yes,,,,95,,43,,yes,yes,yes,0,no,,
slist_test_removeAt.wasm,slist/slist_test_removeAt.wasm,,collatz_ca_d7a8ef0d,,52168,,21,,4,,ok,missing,timeout,,,,yes,,,,92,,43,,yes,yes,yes,0,no,,
slist_test_iterRemove.wasm,slist/slist_test_iterRemove.wasm,,collatz_04a8a4cb,,53201,,21,,4,,ok,missing,timeout,,,,yes,,,,95,,43,,yes,yes,yes,0,no,,
slist_test_removeFirst.wasm,slist/slist_test_removeFirst.wasm,,cf_4dc13174,,51388,,21,,4,,ok,missing,timeout,,,,yes,,,,91,,43,,yes,yes,yes,0,no,,
slist_test_removeFirst.wasm,slist/slist_test_removeFirst.wasm,,ca_1dd0a604,,51388,,21,,4,,ok,missing,timeout,,,,yes,,,,91,,43,,yes,yes,yes,0,no,,
slist_test_iterRemove.wasm,slist/slist_test_iterRemove.wasm,,collatz_cf_ad6fe17c,,53201,,21,,4,,ok,missing,timeout,,,,yes,,,,95,,43,,yes,yes,yes,0,no,,
slist_test_iterRemove.wasm,slist/slist_test_iterRemove.wasm,,collatz_ca_6c6e528c,,53201,,21,,4,,ok,missing,timeout,,,,yes,,,,95,,43,,yes,yes,yes,0,no,,
slist_test_iterRemove.wasm,slist/slist_test_iterRemove.wasm,,cf_ca_c612deee,,53201,,21,,4,,ok,missing,timeout,,,,yes,,,,95,,43,,yes,yes,yes,0,no,,
slist_test_removeAt.wasm,slist/slist_test_removeAt.wasm,,name_collatz_39d9cbf9,,52168,46169,21,21,4,4,ok,ok,timeout,no_entry,,,yes,yes,99.52,,92,92,43,43,yes,yes,yes,0,no,,
slist_test_removeAt.wasm,slist/slist_test_removeAt.wasm,,name_6ff35567,,52168,46169,21,21,4,4,ok,ok,timeout,no_entry,,,yes,yes,99.52,,92,92,43,43,yes,yes,yes,0,no,,
slist_test_iterRemove.wasm,slist/slist_test_iterRemove.wasm,,name_cf_dea5acfc,,53201,47130,21,21,4,4,ok,ok,timeout,no_entry,,,yes,yes,99.52,,95,95,43,43,yes,yes,yes,0,no,,
slist_test_removeFirst.wasm,slist/slist_test_removeFirst.wasm,,name_c5fc8057,,51388,45449,21,21,4,4,ok,ok,timeout,no_entry,,,yes,yes,99.53,,91,91,43,43,yes,yes,yes,0,no,,
slist_test_iterRemove.wasm,slist/slist_test_iterRemove.wasm,,name_aeca11fb,,53201,47130,21,21,4,4,ok,ok,timeout,no_entry,,,yes,yes,99.52,,95,95,43,43,yes,yes,yes,0,no,,
slist_test_removeAt.wasm,slist/slist_test_removeAt.wasm,,name_cf_34d90b3c,,52168,46169,21,21,4,4,ok,ok,timeout,no_entry,,,yes,yes,99.52,,92,92,43,43,yes,yes,yes,0,no,,
slist_test_iterRemove.wasm,slist/slist_test_iterRemove.wasm,,alias_d86b5105,,53201,48192,21,312,4,4,ok,ok,timeout,no_entry,,,yes,yes,98.44,,95,95,43,334,yes,yes,yes,0,no,,
slist_test_removeFirst.wasm,slist/slist_test_removeFirst.wasm,,alias_2fb2a1b0,,51388,46450,21,307,4,4,ok,ok,timeout,no_entry,,,yes,yes,98.43,,91,91,43,329,yes,yes,yes,0,no,,
slist_test_removeAt.wasm,slist/slist_test_removeAt.wasm,,name_ca_296c15e7,,52168,46169,21,21,4,4,ok,ok,timeout,no_entry,,,yes,yes,99.52,,92,92,43,43,yes,yes,yes,0,no,,
slist_test_removeAt.wasm,slist/slist_test_removeAt.wasm,,alias_74b21a20,,52168,47193,21,313,4,4,ok,ok,timeout,no_entry,,,yes,yes,98.42,,92,92,43,335,yes,yes,yes,0,no,,
slist_test_removeAt.wasm,slist/slist_test_removeAt.wasm,,alias_name_cf_0cf6b7d2,,52168,47246,21,313,4,4,ok,ok,timeout,no_entry,,,yes,yes,98.42,,92,92,43,335,yes,yes,yes,0,no,,
slist_test_iterRemove.wasm,slist/slist_test_iterRemove.wasm,,name_collatz_5159e8e8,,53201,47130,21,21,4,4,ok,ok,timeout,no_entry,,,yes,yes,99.52,,95,95,43,43,yes,yes,yes,0,no,,
slist_test_removeAt.wasm,slist/slist_test_removeAt.wasm,,alias_cf_610b1a0d,,52168,47276,21,313,4,4,ok,ok,timeout,no_entry,,,yes,yes,98.42,,92,92,43,335,yes,yes,yes,0,no,,
slist_test_iterRemove.wasm,slist/slist_test_iterRemove.wasm,,name_ca_50c65bbf,,53201,47130,21,21,4,4,ok,ok,timeout,no_entry,,,yes,yes,99.52,,95,95,43,43,yes,yes,yes,0,no,,
slist_test_iterRemove.wasm,slist/slist_test_iterRemove.wasm,,alias_cf_c1574034,,53201,48225,21,312,4,4,ok,ok,timeout,no_entry,,,yes,yes,98.44,,95,95,43,334,yes,yes,yes,0,no,,
slist_test_removeFirst.wasm,slist/slist_test_removeFirst.wasm,,alias_name_86676150,,51388,46554,21,307,4,4,ok,ok,timeout,no_entry,,,yes,yes,98.43,,91,91,43,329,yes,yes,yes,0,no,,
slist_test_iterRemove.wasm,slist/slist_test_iterRemove.wasm,,alias_name_cf_e3c0985c,,53201,48220,21,312,4,4,ok,ok,timeout,no_entry,,,yes,yes,98.44,,95,95,43,334,yes,yes,yes,0,no,,
slist_test_removeAt.wasm,slist/slist_test_removeAt.wasm,,alias_name_77e7718e,,52168,47184,21,313,4,4,ok,ok,timeout,no_entry,,,yes,yes,98.42,,92,92,43,335,yes,yes,yes,0,no,,
slist_test_removeAt.wasm,slist/slist_test_removeAt.wasm,,flatten_e1c34f3c,,52168,50526,21,21,4,4,ok,ok,timeout,no_entry,,,yes,yes,87.0,,92,92,43,43,yes,yes,yes,0,no,,
slist_test_removeAt.wasm,slist/slist_test_removeAt.wasm,,flatten_ca_e8ee8042,,52168,50526,21,21,4,4,ok,ok,timeout,no_entry,,,yes,yes,87.88,,92,92,43,43,yes,yes,yes,0,no,,
slist_test_iterRemove.wasm,slist/slist_test_iterRemove.wasm,,alias_name_1a33d298,,53201,48155,21,312,4,4,ok,ok,timeout,no_entry,,,yes,yes,98.44,,95,95,43,334,yes,yes,yes,0,no,,
slist_test_removeAt.wasm,slist/slist_test_removeAt.wasm,,flatten_name_ca_1ed041d3,,52168,50526,21,21,4,4,ok,ok,timeout,no_entry,,,yes,yes,86.73,,92,92,43,43,yes,yes,yes,0,no,,
slist_test_removeFirst.wasm,slist/slist_test_removeFirst.wasm,,flatten_d2d2ad5b,,51388,49417,21,21,4,4,ok,ok,timeout,no_entry,,,yes,yes,87.39,,91,91,43,43,yes,yes,yes,0,no,,
slist_test_removeAt.wasm,slist/slist_test_removeAt.wasm,,flatten_name_55b77bd6,,52168,50526,21,21,4,4,ok,ok,timeout,no_entry,,,yes,yes,86.62,,92,92,43,43,yes,yes,yes,0,no,,
slist_test_removeFirst.wasm,slist/slist_test_removeFirst.wasm,,flatten_name_0d810575,,51388,49417,21,21,4,4,ok,ok,timeout,no_entry,,,yes,yes,88.84,,91,91,43,43,yes,yes,yes,0,no,,
slist_test_removeFirst.wasm,slist/slist_test_removeFirst.wasm,,flatten_alias_name_4962361d,,51388,50412,21,307,4,4,ok,ok,timeout,no_entry,,,yes,yes,86.97,,91,91,43,329,yes,yes,yes,0,no,,
slist_test_removeAt.wasm,slist/slist_test_removeAt.wasm,,name_memory_39560ba4,,52168,56808,21,21,4,4,ok,ok,timeout,no_entry,,,yes,yes,84.76,,92,94,43,45,yes,yes,yes,0,no,,
slist_test_removeAt.wasm,slist/slist_test_removeAt.wasm,,memory_26ae4ecd,,52168,56823,21,21,4,4,ok,ok,timeout,no_entry,,,yes,yes,84.76,,92,94,43,45,yes,yes,yes,0,no,,
slist_test_removeAt.wasm,slist/slist_test_removeAt.wasm,,flatten_alias_name_3d424b1d,,52168,51604,21,313,4,4,ok,ok,timeout,no_entry,,,yes,yes,86.73,,92,92,43,335,yes,yes,yes,0,no,,
slist_test_removeAt.wasm,slist/slist_test_removeAt.wasm,,flatten_name_collatz_b73b7328,,52168,53762,21,21,4,4,ok,ok,timeout,no_entry,,,yes,yes,85.01,,92,93,43,43,yes,yes,yes,0,no,,
slist_test_removeFirst.wasm,slist/slist_test_removeFirst.wasm,,flatten_alias_de14a4b1,,51388,50459,21,307,4,4,ok,ok,timeout,no_entry,,,yes,yes,86.52,,91,91,43,329,yes,yes,yes,0,no,,
slist_test_removeAt.wasm,slist/slist_test_removeAt.wasm,,flatten_cf_965fdac5,,52168,53752,21,21,4,4,ok,ok,timeout,no_entry,,,yes,yes,84.68,,92,93,43,43,yes,yes,yes,0,no,,
slist_test_iterRemove.wasm,slist/slist_test_iterRemove.wasm,,flatten_761c8e45,,53201,51657,21,21,4,4,ok,ok,timeout,no_entry,,,yes,yes,87.49,,95,95,43,43,yes,yes,yes,0,no,,
slist_test_removeAt.wasm,slist/slist_test_removeAt.wasm,,flatten_name_cf_5e0bcb5e,,52168,53768,21,21,4,4,ok,ok,timeout,no_entry,,,yes,yes,85.12,,92,93,43,43,yes,yes,yes,0,no,,
slist_test_iterRemove.wasm,slist/slist_test_iterRemove.wasm,,flatten_name_ca_165fad3a,,53201,51657,21,21,4,4,ok,ok,timeout,no_entry,,,yes,yes,87.38,,95,95,43,43,yes,yes,yes,0,no,,
slist_test_iterRemove.wasm,slist/slist_test_iterRemove.wasm,,flatten_ca_ca35219d,,53201,51657,21,21,4,4,ok,ok,timeout,no_entry,,,yes,yes,87.71,,95,95,43,43,yes,yes,yes,0,no,,
slist_test_iterRemove.wasm,slist/slist_test_iterRemove.wasm,,flatten_alias_4ee9e952,,53201,52706,21,312,4,4,ok,ok,timeout,no_entry,,,yes,yes,86.32,,95,95,43,334,yes,yes,yes,0,no,,
slist_test_removeAt.wasm,slist/slist_test_removeAt.wasm,,flatten_alias_name_cf_9773b3ac,,52168,55106,21,429,4,4,ok,ok,timeout,no_entry,,,yes,yes,83.89,,92,93,43,437,yes,yes,yes,0,no,,
slist_test_iterRemove.wasm,slist/slist_test_iterRemove.wasm,,flatten_collatz_abcbeb7f,,53201,55071,21,21,4,4,ok,ok,timeout,no_entry,,,yes,yes,85.57,,95,96,43,43,yes,yes,yes,0,no,,
slist_test_removeFirst.wasm,slist/slist_test_removeFirst.wasm,,memory_1d90d0fb,,51388,55879,21,21,4,4,ok,ok,timeout,no_entry,,,yes,yes,84.84,,91,93,43,45,yes,yes,yes,0,no,,
slist_test_removeFirst.wasm,slist/slist_test_removeFirst.wasm,,name_memory_6871cb8f,,51388,55876,21,21,4,4,ok,ok,timeout,no_entry,,,yes,yes,84.84,,91,93,43,45,yes,yes,yes,0,no,,
slist_test_removeAt.wasm,slist/slist_test_removeAt.wasm,,memory_collatz_8b5c971b,,52168,56815,21,21,4,4,ok,ok,timeout,no_entry,,,yes,yes,84.76,,92,94,43,45,yes,yes,yes,0,no,,
slist_test_removeAt.wasm,slist/slist_test_removeAt.wasm,,name_memory_ca_419faf63,,52168,56821,21,21,4,4,ok,ok,timeout,no_entry,,,yes,yes,84.75,,92,94,43,45,yes,yes,yes,0,no,,
slist_test_removeFirst.wasm,slist/slist_test_removeFirst.wasm,,alias_name_memory_57190c73,,51388,56917,21,307,4,4,ok,ok,timeout,no_entry,,,yes,yes,84.03,,91,93,43,331,yes,yes,yes,0,no,,
slist_test_iterRemove.wasm,slist/slist_test_iterRemove.wasm,,flatten_alias_name_79ad8981,,53201,52675,21,312,4,4,ok,ok,timeout,no_entry,,,yes,yes,85.99,,95,95,43,334,yes,yes,yes,0,no,,
slist_test_iterRemove.wasm,slist/slist_test_iterRemove.wasm,,flatten_name_collatz_d3ea9d9b,,53201,55074,21,21,4,4,ok,ok,timeout,no_entry,,,yes,yes,85.46,,95,96,43,43,yes,yes,yes,0,no,,
slist_test_removeAt.wasm,slist/slist_test_removeAt.wasm,,alias_memory_cf_7216a0fd,,52168,57809,21,313,4,4,ok,ok,timeout,no_entry,,,yes,yes,83.94,,92,94,43,337,yes,yes,yes,0,no,,
slist_test_removeAt.wasm,slist/slist_test_removeAt.wasm,,alias_name_memory_9c6a0eda,,52168,57903,21,313,4,4,ok,ok,timeout,no_entry,,,yes,yes,83.94,,92,94,43,337,yes,yes,yes,0,no,,
slist_test_removeAt.wasm,slist/slist_test_removeAt.wasm,,flatten_alias_cf_98ecdd22,,52168,55132,21,429,4,4,ok,ok,timeout,no_entry,,,yes,yes,83.57,,92,93,43,437,yes,yes,yes,0,no,,
slist_test_removeAt.wasm,slist/slist_test_removeAt.wasm,,alias_memory_b0f51baf,,52168,57890,21,313,4,4,ok,ok,timeout,no_entry,,,yes,yes,83.94,,92,94,43,337,yes,yes,yes,0,no,,
slist_test_iterRemove.wasm,slist/slist_test_iterRemove.wasm,,name_memory_cf_8b3dc864,,53201,58139,21,21,4,4,ok,ok,timeout,no_entry,,,yes,yes,84.6,,95,97,43,45,yes,yes,yes,0,no,,
slist_test_removeAt.wasm,slist/slist_test_removeAt.wasm,,name_memory_cf_00e8ee8a,,52168,56828,21,21,4,4,ok,ok,timeout,no_entry,,,yes,yes,84.75,,92,94,43,45,yes,yes,yes,0,no,,
slist_test_removeFirst.wasm,slist/slist_test_removeFirst.wasm,,alias_memory_13112613,,51388,56892,21,307,4,4,ok,ok,timeout,no_entry,,,yes,yes,84.03,,91,93,43,331,yes,yes,yes,0,no,,
slist_test_removeAt.wasm,slist/slist_test_removeAt.wasm,,flatten_alias_4fa8dc5f,,52168,51586,21,313,4,4,ok,ok,timeout,no_entry,,,yes,yes,87.19,,92,92,43,335,yes,yes,yes,0,no,,
slist_test_iterRemove.wasm,slist/slist_test_iterRemove.wasm,,flatten_name_cf_a58d2956,,53201,55090,21,21,4,4,ok,ok,timeout,no_entry,,,yes,yes,84.17,,95,96,43,43,yes,yes,yes,0,no,,
slist_test_removeAt.wasm,slist/slist_test_removeAt.wasm,,memory_ca_4f8f3269,,52168,56855,21,21,4,4,ok,ok,timeout,no_entry,,,yes,yes,84.75,,92,94,43,45,yes,yes,yes,0,no,,
slist_test_iterRemove.wasm,slist/slist_test_iterRemove.wasm,,memory_92f10e54,,53201,58179,21,21,4,4,ok,ok,timeout,no_entry,,,yes,yes,84.6,,95,97,43,45,yes,yes,yes,0,no,,
slist_test_iterRemove.wasm,slist/slist_test_iterRemove.wasm,,name_memory_ca_3e4ba3f8,,53201,58168,21,21,4,4,ok,ok,timeout,no_entry,,,yes,yes,84.6,,95,97,43,45,yes,yes,yes,0,no,,
slist_test_iterRemove.wasm,slist/slist_test_iterRemove.wasm,,flatten_alias_cf_0da03f07,,53201,56478,21,439,4,4,ok,ok,timeout,no_entry,,,yes,yes,83.77,,95,96,43,444,yes,yes,yes,0,no,,
slist_test_iterRemove.wasm,slist/slist_test_iterRemove.wasm,,name_memory_cd6a72a4,,53201,58162,21,21,4,4,ok,ok,timeout,no_entry,,,yes,yes,84.6,,95,97,43,45,yes,yes,yes,0,no,,
slist_test_iterRemove.wasm,slist/slist_test_iterRemove.wasm,,memory_cf_30ee5dad,,53201,58150,21,21,4,4,ok,ok,timeout,no_entry,,,yes,yes,84.6,,95,97,43,45,yes,yes,yes,0,no,,
slist_test_iterRemove.wasm,slist/slist_test_iterRemove.wasm,,name_memory_collatz_f697e1de,,53201,58158,21,21,4,4,ok,ok,timeout,no_entry,,,yes,yes,84.6,,95,97,43,45,yes,yes,yes,0,no,,
slist_test_iterRemove.wasm,slist/slist_test_iterRemove.wasm,,flatten_name_b3d57d0b,,53201,51657,21,21,4,4,ok,ok,timeout,no_entry,,,yes,yes,86.82,,95,95,43,43,yes,yes,yes,0,no,,
slist_test_iterRemove.wasm,slist/slist_test_iterRemove.wasm,,flatten_cf_7ec9a65f,,53201,55076,21,21,4,4,ok,ok,timeout,no_entry,,,yes,yes,84.79,,95,96,43,43,yes,yes,yes,0,no,,
slist_test_iterRemove.wasm,slist/slist_test_iterRemove.wasm,,flatten_alias_name_cf_4537000e,,53201,56599,21,439,4,4,ok,ok,timeout,no_entry,,,yes,yes,83.43,,95,96,43,444,yes,yes,yes,0,no,,
slist_test_iterRemove.wasm,slist/slist_test_iterRemove.wasm,,alias_name_memory_cf_c775d266,,53201,59149,21,312,4,4,ok,ok,timeout,no_entry,,,yes,yes,83.81,,95,97,43,336,yes,yes,yes,0,no,,
slist_test_iterRemove.wasm,slist/slist_test_iterRemove.wasm,,alias_memory_cf_e7f900f6,,53201,59200,21,312,4,4,ok,ok,timeout,no_entry,,,yes,yes,83.8,,95,97,43,336,yes,yes,yes,0,no,,
slist_test_iterRemove.wasm,slist/slist_test_iterRemove.wasm,,alias_name_memory_ecb18d8c,,53201,59225,21,312,4,4,ok,ok,timeout,no_entry,,,yes,yes,83.8,,95,97,43,336,yes,yes,yes,0,no,,
slist_test_removeAt.wasm,slist/slist_test_removeAt.wasm,,flatten_collatz_a8bfef96,,52168,53754,21,21,4,4,ok,ok,timeout,no_entry,,,yes,yes,84.66,,92,93,43,43,yes,yes,yes,0,no,,
slist_test_iterRemove.wasm,slist/slist_test_iterRemove.wasm,,alias_memory_00ef2b2c,,53201,59184,21,312,4,4,ok,ok,timeout,no_entry,,,yes,yes,83.8,,95,97,43,336,yes,yes,yes,0,no,,
slist_test_iterRemove.wasm,slist/slist_test_iterRemove.wasm,,memory_collatz_84761e0d,,53201,58164,21,21,4,4,ok,ok,timeout,no_entry,,,yes,yes,84.6,,95,97,43,45,yes,yes,yes,0,no,,
slist_test_iterRemove.wasm,slist/slist_test_iterRemove.wasm,,memory_ca_97718b21,,53201,58135,21,21,4,4,ok,ok,timeout,no_entry,,,yes,yes,84.6,,95,97,43,45,yes,yes,yes,0,no,,
slist_test_removeAt.wasm,slist/slist_test_removeAt.wasm,,name_memory_collatz_ee1d3810,,52168,56822,21,21,4,4,ok,ok,timeout,no_entry,,,yes,yes,84.75,,92,94,43,45,yes,yes,yes,0,no,,
slist_test_removeAt.wasm,slist/slist_test_removeAt.wasm,,memory_cf_b2ce3c93,,52168,56818,21,21,4,4,ok,ok,timeout,no_entry,,,yes,yes,84.75,,92,94,43,45,yes,yes,yes,0,no,,
slist_test_removeAt.wasm,slist/slist_test_removeAt.wasm,,flatten_name_memory_7fea87d1,,52168,61158,21,21,4,4,ok,ok,timeout,no_entry,,,yes,yes,74.97,,92,94,43,45,yes,yes,yes,0,no,,
slist_test_removeAt.wasm,slist/slist_test_removeAt.wasm,,alias_name_memory_cf_67816f09,,52168,57952,21,313,4,4,ok,ok,timeout,no_entry,,,yes,yes,83.94,,92,94,43,337,yes,yes,yes,0,no,,
slist_test_removeAt.wasm,slist/slist_test_removeAt.wasm,,flatten_memory_6cc67eb7,,52168,61197,21,21,4,4,ok,ok,timeout,no_entry,,,yes,yes,74.08,,92,94,43,45,yes,yes,yes,0,no,,
slist_test_removeFirst.wasm,slist/slist_test_removeFirst.wasm,,flatten_alias_memory_af35ecea,,51388,60927,21,307,4,4,ok,ok,timeout,no_entry,,,yes,yes,74.76,,91,93,43,331,yes,yes,yes,0,no,,
slist_test_removeFirst.wasm,slist/slist_test_removeFirst.wasm,,flatten_name_memory_f024ba66,,51388,59817,21,21,4,4,ok,ok,timeout,no_entry,,,yes,yes,74.71,,91,93,43,45,yes,yes,yes,0,no,,
slist_test_removeAt.wasm,slist/slist_test_removeAt.wasm,,flatten_alias_memory_8941e730,,52168,62276,21,313,4,4,ok,ok,timeout,no_entry,,,yes,yes,73.74,,92,94,43,337,yes,yes,yes,0,no,,
slist_test_removeAt.wasm,slist/slist_test_removeAt.wasm,,flatten_memory_ca_b731e179,,52168,61171,21,21,4,4,ok,ok,timeout,no_entry,,,yes,yes,74.0,,92,94,43,45,yes,yes,yes,0,no,,
slist_test_removeFirst.wasm,slist/slist_test_removeFirst.wasm,,flatten_alias_name_memory_2fd6a18b,,51388,60824,21,307,4,4,ok,ok,timeout,no_entry,,,yes,yes,75.0,,91,93,43,331,yes,yes,yes,0,no,,
slist_test_removeAt.wasm,slist/slist_test_removeAt.wasm,,flatten_name_memory_ca_eb164d89,,52168,61160,21,21,4,4,ok,ok,timeout,no_entry,,,yes,yes,73.66,,92,94,43,45,yes,yes,yes,0,no,,
slist_test_removeAt.wasm,slist/slist_test_removeAt.wasm,,all_safe_f6cbe6fb,,52168,62277,21,313,4,4,ok,ok,timeout,no_entry,,,yes,yes,73.69,,92,94,43,337,yes,yes,yes,0,no,,
slist_test_removeFirst.wasm,slist/slist_test_removeFirst.wasm,,flatten_memory_94e95235,,51388,59831,21,21,4,4,ok,ok,timeout,no_entry,,,yes,yes,74.98,,91,93,43,45,yes,yes,yes,0,no,,
slist_test_removeAt.wasm,slist/slist_test_removeAt.wasm,,all_efcb04a0,,52168,62254,21,313,4,4,ok,ok,timeout,no_entry,,,yes,yes,73.19,,92,94,43,337,yes,yes,yes,0,no,,
slist_test_removeAt.wasm,slist/slist_test_removeAt.wasm,,flatten_alias_name_memory_cf_e23f01d1,,52168,65824,21,429,4,4,ok,ok,timeout,no_entry,,,yes,yes,72.12,,92,95,43,439,yes,yes,yes,0,no,,
slist_test_removeAt.wasm,slist/slist_test_removeAt.wasm,,flatten_memory_cf_9835842b,,52168,64434,21,21,4,4,ok,ok,timeout,no_entry,,,yes,yes,72.95,,92,95,43,45,yes,yes,yes,0,no,,
slist_test_iterRemove.wasm,slist/slist_test_iterRemove.wasm,,flatten_name_memory_ca_11a5e742,,53201,62698,21,21,4,4,ok,ok,timeout,no_entry,,,yes,yes,73.68,,95,97,43,45,yes,yes,yes,0,no,,
slist_test_iterRemove.wasm,slist/slist_test_iterRemove.wasm,,flatten_alias_name_memory_4a36505d,,53201,63774,21,312,4,4,ok,ok,timeout,no_entry,,,yes,yes,73.35,,95,97,43,336,yes,yes,yes,0,no,,
slist_test_iterRemove.wasm,slist/slist_test_iterRemove.wasm,,flatten_memory_a9a05d4d,,53201,62697,21,21,4,4,ok,ok,timeout,no_entry,,,yes,yes,74.97,,95,97,43,45,yes,yes,yes,0,no,,
slist_test_iterRemove.wasm,slist/slist_test_iterRemove.wasm,,flatten_alias_memory_d0887223,,53201,63756,21,312,4,4,ok,ok,timeout,no_entry,,,yes,yes,74.43,,95,97,43,336,yes,yes,yes,0,no,,
slist_test_removeAt.wasm,slist/slist_test_removeAt.wasm,,flatten_memory_collatz_9ea9e863,,52168,64396,21,21,4,4,ok,ok,timeout,no_entry,,,yes,yes,72.91,,92,95,43,45,yes,yes,yes,0,no,,
slist_test_removeAt.wasm,slist/slist_test_removeAt.wasm,,flatten_name_memory_collatz_e77ca805,,52168,64408,21,21,4,4,ok,ok,timeout,no_entry,,,yes,yes,72.37,,92,95,43,45,yes,yes,yes,0,no,,
slist_test_removeAt.wasm,slist/slist_test_removeAt.wasm,,flatten_alias_name_memory_abffdf96,,52168,62287,21,313,4,4,ok,ok,timeout,no_entry,,,yes,yes,73.23,,92,94,43,337,yes,yes,yes,0,no,,
slist_test_iterRemove.wasm,slist/slist_test_iterRemove.wasm,,flatten_memory_ca_389df024,,53201,62688,21,21,4,4,ok,ok,timeout,no_entry,,,yes,yes,74.01,,95,97,43,45,yes,yes,yes,0,no,,
slist_test_removeAt.wasm,slist/slist_test_removeAt.wasm,,flatten_alias_memory_cf_fb1c99e0,,52168,65827,21,429,4,4,ok,ok,timeout,no_entry,,,yes,yes,71.95,,92,95,43,439,yes,yes,yes,0,no,,
slist_test_iterRemove.wasm,slist/slist_test_iterRemove.wasm,,flatten_memory_collatz_d78bc089,,53201,66122,21,21,4,4,ok,ok,timeout,no_entry,,,yes,yes,72.74,,95,98,43,45,yes,yes,yes,0,no,,
slist_test_iterRemove.wasm,slist/slist_test_iterRemove.wasm,,all_safe_02b8f43f,,53201,63737,21,312,4,4,ok,ok,timeout,no_entry,,,yes,yes,73.12,,95,97,43,336,yes,yes,yes,0,no,,
slist_test_iterRemove.wasm,slist/slist_test_iterRemove.wasm,,flatten_name_memory_collatz_0a9ce51d,,53201,66114,21,21,4,4,ok,ok,timeout,no_entry,,,yes,yes,72.32,,95,98,43,45,yes,yes,yes,0,no,,
slist_test_iterRemove.wasm,slist/slist_test_iterRemove.wasm,,all_f7bc6851,,53201,63752,21,312,4,4,ok,ok,timeout,no_entry,,,yes,yes,74.15,,95,97,43,336,yes,yes,yes,0,no,,
slist_test_iterRemove.wasm,slist/slist_test_iterRemove.wasm,,flatten_name_memory_d67cdf82,,53201,62696,21,21,4,4,ok,ok,timeout,no_entry,,,yes,yes,73.77,,95,97,43,45,yes,yes,yes,0,no,,
slist_test_iterRemove.wasm,slist/slist_test_iterRemove.wasm,,flatten_alias_memory_cf_d89ee9c2,,53201,67534,21,439,4,4,ok,ok,timeout,no_entry,,,yes,yes,71.98,,95,98,43,446,yes,yes,yes,0,no,,
slist_test_removeAt.wasm,slist/slist_test_removeAt.wasm,,flatten_name_memory_cf_fa8700ac,,52168,64398,21,21,4,4,ok,ok,timeout,no_entry,,,yes,yes,72.64,,92,95,43,45,yes,yes,yes,0,no,,
slist_test_iterRemove.wasm,slist/slist_test_iterRemove.wasm,,flatten_name_memory_cf_c930641c,,53201,66062,21,21,4,4,ok,ok,timeout,no_entry,,,yes,yes,71.68,,95,98,43,45,yes,yes,yes,0,no,,
slist_test_iterRemove.wasm,slist/slist_test_iterRemove.wasm,,flatten_memory_cf_1478cc9d,,53201,66104,21,21,4,4,ok,ok,timeout,no_entry,,,yes,yes,72.81,,95,98,43,45,yes,yes,yes,0,no,,
slist_test_iterRemove.wasm,slist/slist_test_iterRemove.wasm,,flatten_alias_name_memory_cf_6b3298ac,,53201,67572,21,439,4,4,ok,ok,timeout,no_entry,,,yes,yes,71.87,,95,98,43,446,yes,yes,yes,0,no,,
slist_test_removeAt.wasm,slist/slist_test_removeAt.wasm,,alias_ca_2d99b394,,52168,806134,21,22193,4,4,ok,ok,timeout,no_entry,,,yes,yes,2.02,,92,93,43,22215,yes,yes,yes,0,no,,
slist_test_removeAt.wasm,slist/slist_test_removeAt.wasm,,alias_name_memory_collatz_a73997f7,,52168,794825,21,22193,4,4,ok,ok,timeout,no_entry,,,yes,yes,1.99,,92,95,43,22217,yes,yes,yes,0,no,,
slist_test_removeAt.wasm,slist/slist_test_removeAt.wasm,,alias_collatz_486816ba,,52168,784133,21,22193,4,4,ok,ok,timeout,no_entry,,,yes,yes,2.02,,92,93,43,22215,yes,yes,yes,0,no,,
slist_test_removeAt.wasm,slist/slist_test_removeAt.wasm,,alias_memory_collatz_71d9ac8a,,52168,816821,21,22193,4,4,ok,ok,timeout,no_entry,,,yes,yes,1.99,,92,95,43,22217,yes,yes,yes,0,no,,
slist_test_removeAt.wasm,slist/slist_test_removeAt.wasm,,alias_memory_ca_00ed9d8e,,52168,794784,21,22193,4,4,ok,ok,timeout,no_entry,,,yes,yes,1.99,,92,95,43,22217,yes,yes,yes,0,no,,
slist_test_removeAt.wasm,slist/slist_test_removeAt.wasm,,alias_name_ca_818eddaf,,52168,784448,21,22193,4,4,ok,ok,timeout,no_entry,,,yes,yes,2.02,,92,93,43,22215,yes,yes,yes,0,no,,
slist_test_removeAt.wasm,slist/slist_test_removeAt.wasm,,alias_name_collatz_5b667e01,,52168,784181,21,22193,4,4,ok,ok,timeout,no_entry,,,yes,yes,2.02,,92,93,43,22215,yes,yes,yes,0,no,,
slist_test_removeAt.wasm,slist/slist_test_removeAt.wasm,,flatten_alias_memory_ca_2d20d925,,52168,799208,21,22193,4,4,ok,ok,timeout,no_entry,,,yes,yes,1.94,,92,95,43,22217,yes,yes,yes,0,no,,
slist_test_removeAt.wasm,slist/slist_test_removeAt.wasm,,flatten_alias_name_ca_6f53d8d4,,52168,810692,21,22193,4,4,ok,ok,timeout,no_entry,,,yes,yes,1.93,,92,93,43,22215,yes,yes,yes,0,no,,
slist_test_iterRemove.wasm,slist/slist_test_iterRemove.wasm,,alias_ca_b2e35fe1,,53201,828718,21,22821,4,4,ok,ok,timeout,no_entry,,,yes,yes,1.95,,95,96,43,22843,yes,yes,yes,0,no,,
slist_test_removeAt.wasm,slist/slist_test_removeAt.wasm,,alias_name_memory_ca_1aa2c408,,52168,816765,21,22193,4,4,ok,ok,timeout,no_entry,,,yes,yes,1.99,,92,95,43,22217,yes,yes,yes,0,no,,
slist_test_iterRemove.wasm,slist/slist_test_iterRemove.wasm,,flatten_alias_name_ca_3e77e13a,,53201,810714,21,22821,4,4,ok,ok,timeout,no_entry,,,yes,yes,1.88,,95,96,43,22843,yes,yes,yes,0,no,,
slist_test_iterRemove.wasm,slist/slist_test_iterRemove.wasm,,alias_name_ca_92db21eb,,53201,806251,21,22821,4,4,ok,ok,timeout,no_entry,,,yes,yes,1.95,,95,96,43,22843,yes,yes,yes,0,no,,
slist_test_iterRemove.wasm,slist/slist_test_iterRemove.wasm,,alias_name_memory_collatz_0ed14351,,53201,817240,21,22821,4,4,ok,ok,timeout,no_entry,,,yes,yes,1.92,,95,98,43,22845,yes,yes,yes,0,no,,
slist_test_removeAt.wasm,slist/slist_test_removeAt.wasm,,flatten_alias_ca_a647d3cc,,52168,810517,21,22193,4,4,ok,ok,timeout,no_entry,,,yes,yes,1.94,,92,93,43,22215,yes,yes,yes,0,no,,
slist_test_iterRemove.wasm,slist/slist_test_iterRemove.wasm,,flatten_alias_name_memory_ca_e559dc68,,53201,844252,21,22821,4,4,ok,ok,timeout,no_entry,,,yes,yes,1.85,,95,98,43,22845,yes,yes,yes,0,no,,
slist_test_iterRemove.wasm,slist/slist_test_iterRemove.wasm,,alias_memory_ca_bc86cbf0,,53201,817137,21,22821,4,4,ok,ok,timeout,no_entry,,,yes,yes,1.92,,95,98,43,22845,yes,yes,yes,0,no,,
slist_test_iterRemove.wasm,slist/slist_test_iterRemove.wasm,,alias_name_memory_ca_31847f77,,53201,839821,21,22821,4,4,ok,ok,timeout,no_entry,,,yes,yes,1.92,,95,98,43,22845,yes,yes,yes,0,no,,
slist_test_removeAt.wasm,slist/slist_test_removeAt.wasm,,flatten_alias_name_memory_ca_0e9511bd,,52168,821056,21,22193,4,4,ok,ok,timeout,no_entry,,,yes,yes,1.94,,92,95,43,22217,yes,yes,yes,0,no,,
slist_test_iterRemove.wasm,slist/slist_test_iterRemove.wasm,,flatten_alias_memory_ca_ef8d3396,,53201,844136,21,22821,4,4,ok,ok,timeout,no_entry,,,yes,yes,1.87,,95,98,43,22845,yes,yes,yes,0,no,,
slist_test_iterRemove.wasm,slist/slist_test_iterRemove.wasm,,alias_name_collatz_a7d894fe,,53201,828682,21,22821,4,4,ok,ok,timeout,no_entry,,,yes,yes,1.95,,95,96,43,22843,yes,yes,yes,0,no,,
slist_test_iterRemove.wasm,slist/slist_test_iterRemove.wasm,,alias_memory_collatz_f4f28609,,53201,817289,21,22821,4,4,ok,ok,timeout,no_entry,,,yes,yes,1.92,,95,98,43,22845,yes,yes,yes,0,no,,
slist_test_iterRemove.wasm,slist/slist_test_iterRemove.wasm,,alias_collatz_be0ad726,,53201,828767,21,22821,4,4,ok,ok,timeout,no_entry,,,yes,yes,1.95,,95,96,43,22843,yes,yes,yes,0,no,,
slist_test_iterRemove.wasm,slist/slist_test_iterRemove.wasm,,flatten_alias_ca_60ab6240,,53201,810773,21,22821,4,4,ok,ok,timeout,no_entry,,,yes,yes,1.87,,95,96,43,22843,yes,yes,yes,0,no,,
slist_test_removeAt.wasm,slist/slist_test_removeAt.wasm,,flatten_alias_collatz_a28c6e19,,52168,1119235,21,33222,4,4,ok,ok,timeout,no_entry,,,yes,yes,1.45,,92,94,43,31942,yes,yes,yes,0,no,,
slist_test_removeAt.wasm,slist/slist_test_removeAt.wasm,,flatten_alias_memory_collatz_d0d46bc3,,52168,1096836,21,33222,4,4,ok,ok,timeout,no_entry,,,yes,yes,1.44,,92,96,43,31944,yes,yes,yes,0,no,,
slist_test_iterRemove.wasm,slist/slist_test_iterRemove.wasm,,flatten_alias_collatz_b3758eda,,53201,1136215,21,35253,4,4,ok,ok,timeout,no_entry,,,yes,yes,1.38,,95,97,43,33643,yes,yes,yes,0,no,,
slist_test_removeAt.wasm,slist/slist_test_removeAt.wasm,,flatten_alias_name_memory_collatz_20ee7c35,,52168,1129784,21,33222,4,4,ok,ok,timeout,no_entry,,,yes,yes,1.44,,92,96,43,31944,yes,yes,yes,0,no,,
