sample,relpath,obfuscation_transformation,pipeline_depth,mutant_id,size_orig,size_obf,call_ind_orig,call_ind_obf,max_nesting_orig,max_nesting_obf,obf_time,valid_orig,valid_obf,run_time_orig,run_orig,run_time_obf,run_obf,disassembly_ok_orig,disassembly_ok_obf,wat_similarity,cfg_similarity,spec_valid_orig,spec_valid_obf,semantic_equivalence_bool,spec_violation_count,undefined_behavior_risk,spec_errors_orig,spec_errors_obf
5o1u.wasm,5o1u.wasm,global_insertion,1,pipe4,4828,4828,0,0,4,4,3561.82,yes,yes,24.79,ok,22.04,ok,yes,yes,100.0,100.0,yes,no,no,1,yes,,file_not_found
5o1u.wasm,5o1u.wasm,data_encryption,1,pipe8,4828,5131,0,0,4,4,3559.98,yes,yes,24.79,ok,40.83,ok,yes,yes,97.73,100.0,yes,no,no,1,yes,,file_not_found
2o3u.wasm,2o3u.wasm,export_insertion,1,pipe6,4793,7802,0,0,4,4,3609.14,yes,yes,21.57,ok,37.96,ok,yes,yes,96.31,100.0,yes,no,no,1,yes,,file_not_found
5o1u.wasm,5o1u.wasm,eqz_transformation,1,pipe15,4828,4828,0,0,4,4,3910.8,yes,yes,24.79,ok,21.3,ok,yes,yes,100.0,100.0,yes,no,no,1,yes,,file_not_found
2o3u.wasm,2o3u.wasm,shift_transformation,1,pipe14,4793,4793,0,0,4,4,3988.39,yes,yes,21.57,ok,48.1,ok,yes,yes,100.0,100.0,yes,no,no,1,yes,,file_not_found
5o1u.wasm,5o1u.wasm,mba_transformation,1,pipe17,4828,4891,0,0,4,4,4165.17,yes,yes,24.79,ok,167.87,ok,yes,yes,99.72,100.0,yes,no,no,1,yes,,file_not_found
2o3u.wasm,2o3u.wasm,global_insertion,1,pipe4,4793,4793,0,0,4,4,4135.36,yes,yes,21.57,ok,140.62,ok,yes,yes,100.0,100.0,yes,no,no,1,yes,,file_not_found
5o1u.wasm,5o1u.wasm,data_insertion,1,pipe7,4828,4828,0,0,4,4,3982.11,yes,yes,24.79,ok,91.22,ok,yes,yes,100.0,100.0,yes,no,no,1,yes,,file_not_found
2o3u.wasm,2o3u.wasm,data_encryption,1,pipe8,4793,5096,0,0,4,4,4305.46,yes,yes,21.57,ok,144.53,ok,yes,yes,97.72,100.0,yes,no,no,1,yes,,file_not_found
2o3u.wasm,2o3u.wasm,data_insertion,1,pipe7,4793,4793,0,0,4,4,4618.35,yes,yes,21.57,ok,98.84,ok,yes,yes,100.0,100.0,yes,no,no,1,yes,,file_not_found
5o1u.wasm,5o1u.wasm,element_insertion,1,pipe5,4828,5474,0,0,4,4,3929.87,yes,yes,24.79,ok,41.49,ok,yes,yes,97.18,100.0,yes,no,no,1,yes,,file_not_found
5o1u.wasm,5o1u.wasm,function_sig_insertion,1,pipe0,4828,6017,0,0,4,4,3545.7,yes,yes,24.79,ok,53.59,ok,yes,yes,94.65,100.0,yes,no,no,1,yes,,file_not_found
2o3u.wasm,2o3u.wasm,mba_transformation,1,pipe17,4793,4856,0,0,4,4,4455.11,yes,yes,21.57,ok,124.92,ok,yes,yes,99.71,100.0,yes,no,no,1,yes,,file_not_found
2o3u.wasm,2o3u.wasm,eqz_transformation,1,pipe15,4793,4793,0,0,4,4,5104.91,yes,yes,21.57,ok,82.5,ok,yes,yes,100.0,100.0,yes,no,no,1,yes,,file_not_found
2o3u.wasm,2o3u.wasm,element_insertion,1,pipe5,4793,5439,0,0,4,4,4611.38,yes,yes,21.57,ok,90.99,ok,yes,yes,97.17,100.0,yes,no,no,1,yes,,file_not_found
5o1u.wasm,5o1u.wasm,import_insertion,1,pipe1,4828,4828,0,0,4,4,5049.36,yes,yes,24.79,ok,144.01,ok,yes,yes,100.0,100.0,yes,no,no,1,yes,,file_not_found
5o1u.wasm,5o1u.wasm,shift_transformation,1,pipe14,4828,4828,0,0,4,4,5197.6,yes,yes,24.79,ok,79.97,ok,yes,yes,100.0,100.0,yes,no,no,1,yes,,file_not_found
5o1u.wasm,5o1u.wasm,export_insertion,1,pipe6,4828,7948,0,0,4,4,5378.33,yes,yes,24.79,ok,69.06,ok,yes,yes,96.24,100.0,yes,no,no,1,yes,,file_not_found
2o3u.wasm,2o3u.wasm,import_insertion,1,pipe1,4793,4793,0,0,4,4,5034.94,yes,yes,21.57,ok,106.94,ok,yes,yes,100.0,100.0,yes,no,no,1,yes,,file_not_found
5o2u.wasm,5o2u.wasm,import_insertion,1,pipe1,4863,4863,0,0,4,4,4777.0,yes,yes,20.87,ok,184.76,ok,yes,yes,100.0,100.0,yes,no,no,1,yes,,file_not_found
2o3u.wasm,2o3u.wasm,function_sig_insertion,1,pipe0,4793,6003,0,0,4,4,4749.46,yes,yes,21.57,ok,193.71,ok,yes,yes,94.57,100.0,yes,no,no,1,yes,,file_not_found
5o2u.wasm,5o2u.wasm,function_sig_insertion,1,pipe0,4863,6060,0,0,4,4,4722.01,yes,yes,20.87,ok,221.84,ok,yes,yes,94.62,100.0,yes,no,no,1,yes,,file_not_found
5o2u.wasm,5o2u.wasm,data_insertion,1,pipe7,4863,4863,0,0,4,4,4456.69,yes,yes,20.87,ok,77.08,ok,yes,yes,100.0,100.0,yes,no,no,1,yes,,file_not_found
5o2u.wasm,5o2u.wasm,shift_transformation,1,pipe14,4863,4863,0,0,4,4,4099.43,yes,yes,20.87,ok,74.28,ok,yes,yes,100.0,100.0,yes,no,no,1,yes,,file_not_found
5o1u.wasm,5o1u.wasm,direct_to_indirect,1,pipe12,4828,4951,0,35,4,4,4545.93,yes,yes,24.79,ok,137.7,ok,yes,yes,98.38,100.0,yes,no,no,1,yes,,file_not_found
5o2u.wasm,5o2u.wasm,eqz_transformation,1,pipe15,4863,4863,0,0,4,4,4258.24,yes,yes,20.87,ok,23.68,ok,yes,yes,100.0,100.0,yes,no,no,1,yes,,file_not_found
5o2u.wasm,5o2u.wasm,element_insertion,1,pipe5,4863,5509,0,0,4,4,4291.37,yes,yes,20.87,ok,47.4,ok,yes,yes,97.19,100.0,yes,no,no,1,yes,,file_not_found
5o2u.wasm,5o2u.wasm,data_encryption,1,pipe8,4863,5166,0,0,4,4,4420.14,yes,yes,20.87,ok,82.28,ok,yes,yes,97.74,100.0,yes,no,no,1,yes,,file_not_found
2o3u.wasm,2o3u.wasm,direct_to_indirect,1,pipe12,4793,4904,0,31,4,4,4360.99,yes,yes,21.57,ok,146.12,ok,yes,yes,98.43,100.0,yes,no,no,1,yes,,file_not_found
5o2u.wasm,5o2u.wasm,mba_transformation,1,pipe17,4863,4926,0,0,4,4,4239.19,yes,yes,20.87,ok,40.73,ok,yes,yes,99.72,100.0,yes,no,no,1,yes,,file_not_found
5o2u.wasm,5o2u.wasm,global_insertion,1,pipe4,4863,4863,0,0,4,4,4823.69,yes,yes,20.87,ok,26.41,ok,yes,yes,100.0,100.0,yes,no,no,1,yes,,file_not_found
5o2u.wasm,5o2u.wasm,export_insertion,1,pipe6,4863,8442,0,0,4,4,4755.78,yes,yes,20.87,ok,43.51,ok,yes,yes,95.89,100.0,yes,no,no,1,yes,,file_not_found
4o3u.wasm,4o3u.wasm,global_insertion,1,pipe4,4863,4863,0,0,4,4,3440.45,yes,yes,10.6,ok,96.47,ok,yes,yes,100.0,100.0,yes,no,no,1,yes,,file_not_found
4o3u.wasm,4o3u.wasm,import_insertion,1,pipe1,4863,4863,0,0,4,4,3428.28,yes,yes,10.6,ok,87.75,ok,yes,yes,100.0,100.0,yes,no,no,1,yes,,file_not_found
4o3u.wasm,4o3u.wasm,data_insertion,1,pipe7,4863,4863,0,0,4,4,3730.54,yes,yes,10.6,ok,38.92,ok,yes,yes,100.0,100.0,yes,no,no,1,yes,,file_not_found
4o3u.wasm,4o3u.wasm,element_insertion,1,pipe5,4863,5509,0,0,4,4,4043.76,yes,yes,10.6,ok,63.72,ok,yes,yes,97.19,100.0,yes,no,no,1,yes,,file_not_found
4o3u.wasm,4o3u.wasm,data_encryption,1,pipe8,4863,5166,0,0,4,4,3597.05,yes,yes,10.6,ok,33.62,ok,yes,yes,97.74,100.0,yes,no,no,1,yes,,file_not_found
5o2u.wasm,5o2u.wasm,direct_to_indirect,1,pipe12,4863,4998,0,39,4,4,4424.8,yes,yes,20.87,ok,45.97,ok,yes,yes,98.13,100.0,yes,no,no,1,yes,,file_not_found
4o3u.wasm,4o3u.wasm,export_insertion,1,pipe6,4863,8363,0,0,4,4,4485.96,yes,yes,10.6,ok,106.99,ok,yes,yes,96.01,100.0,yes,no,no,1,yes,,file_not_found
4o3u.wasm,4o3u.wasm,function_sig_insertion,1,pipe0,4863,5968,0,0,4,4,3569.38,yes,yes,10.6,ok,105.38,ok,yes,yes,94.96,100.0,yes,no,no,1,yes,,file_not_found
4o3u.wasm,4o3u.wasm,shift_transformation,1,pipe14,4863,4863,0,0,4,4,3744.82,yes,yes,10.6,ok,16.82,ok,yes,yes,100.0,100.0,yes,no,no,1,yes,,file_not_found
4o3u.wasm,4o3u.wasm,eqz_transformation,1,pipe15,4863,4863,0,0,4,4,3701.44,yes,yes,10.6,ok,17.62,ok,yes,yes,100.0,100.0,yes,no,no,1,yes,,file_not_found
4o3u.wasm,4o3u.wasm,mba_transformation,1,pipe17,4863,4926,0,0,4,4,3478.38,yes,yes,10.6,ok,74.08,ok,yes,yes,99.72,100.0,yes,no,no,1,yes,,file_not_found
2o3u.wasm,2o3u.wasm,offset_expansion,1,pipe16,4793,5726,0,0,4,4,4143.62,yes,yes,21.57,ok,141.28,ok,yes,yes,87.88,100.0,yes,no,no,1,yes,,file_not_found
2o3u.wasm,2o3u.wasm,add_sub_transformation,1,pipe13,4793,4793,0,0,4,4,5013.31,yes,yes,21.57,ok,114.57,ok,yes,yes,99.38,100.0,yes,no,no,1,yes,,file_not_found
5o1u.wasm,5o1u.wasm,offset_expansion,1,pipe16,4828,5761,0,0,4,4,4178.61,yes,yes,24.79,ok,149.49,ok,yes,yes,87.92,100.0,yes,no,no,1,yes,,file_not_found
5o2u.wasm,5o2u.wasm,function_body_cloning,1,pipe3,4863,9666,0,0,4,4,4315.5,yes,yes,20.87,ok,59.29,ok,yes,yes,66.4,100.0,yes,no,no,1,yes,,file_not_found
4o3u.wasm,4o3u.wasm,direct_to_indirect,1,pipe12,4863,4998,0,39,4,4,3353.0,yes,yes,10.6,ok,97.71,ok,yes,yes,98.13,100.0,yes,no,no,1,yes,,file_not_found
2o3u.wasm,2o3u.wasm,function_body_cloning,1,pipe3,4793,9528,0,0,4,4,4796.57,yes,yes,21.57,ok,117.96,ok,yes,yes,66.39,100.0,yes,no,no,1,yes,,file_not_found
5o1u.wasm,5o1u.wasm,function_body_cloning,1,pipe3,4828,9597,0,0,4,4,3931.31,yes,yes,24.79,ok,74.37,ok,yes,yes,66.02,100.0,yes,no,no,1,yes,,file_not_found
3o1u.wasm,3o1u.wasm,import_insertion,1,pipe1,4757,4757,0,0,4,4,3664.82,yes,yes,26.67,ok,98.55,ok,yes,yes,100.0,100.0,yes,no,no,1,yes,,file_not_found
3o1u.wasm,3o1u.wasm,global_insertion,1,pipe4,4757,4757,0,0,4,4,3515.56,yes,yes,26.67,ok,94.45,ok,yes,yes,100.0,100.0,yes,no,no,1,yes,,file_not_found
5o1u.wasm,5o1u.wasm,add_sub_transformation,1,pipe13,4828,4828,0,0,4,4,4412.96,yes,yes,24.79,ok,153.7,ok,yes,yes,99.38,100.0,yes,no,no,1,yes,,file_not_found
3o1u.wasm,3o1u.wasm,function_sig_insertion,1,pipe0,4757,5917,0,0,4,4,3607.28,yes,yes,26.67,ok,130.69,ok,yes,yes,94.72,100.0,yes,no,no,1,yes,,file_not_found
3o1u.wasm,3o1u.wasm,element_insertion,1,pipe5,4757,5403,0,0,4,4,3326.4,yes,yes,26.67,ok,89.46,ok,yes,yes,97.16,100.0,yes,no,no,1,yes,,file_not_found
3o1u.wasm,3o1u.wasm,data_insertion,1,pipe7,4757,4757,0,0,4,4,3312.04,yes,yes,26.67,ok,84.81,ok,yes,yes,100.0,100.0,yes,no,no,1,yes,,file_not_found
3o1u.wasm,3o1u.wasm,export_insertion,1,pipe6,4757,8238,0,0,4,4,3974.1,yes,yes,26.67,ok,83.33,ok,yes,yes,95.98,100.0,yes,no,no,1,yes,,file_not_found
3o1u.wasm,3o1u.wasm,data_encryption,1,pipe8,4757,5060,0,0,4,4,3816.47,yes,yes,26.67,ok,66.85,ok,yes,yes,97.71,100.0,yes,no,no,1,yes,,file_not_found
3o1u.wasm,3o1u.wasm,shift_transformation,1,pipe14,4757,4757,0,0,4,4,3561.83,yes,yes,26.67,ok,39.96,ok,yes,yes,100.0,100.0,yes,no,no,1,yes,,file_not_found
3o1u.wasm,3o1u.wasm,mba_transformation,1,pipe17,4757,4820,0,0,4,4,3647.44,yes,yes,26.67,ok,71.38,ok,yes,yes,99.71,100.0,yes,no,no,1,yes,,file_not_found
4o3u.wasm,4o3u.wasm,function_body_cloning,1,pipe3,4863,9666,0,0,4,4,3847.49,yes,yes,10.6,ok,169.25,ok,yes,yes,63.47,100.0,yes,no,no,1,yes,,file_not_found
5o2u.wasm,5o2u.wasm,offset_expansion,1,pipe16,4863,5796,0,0,4,4,4467.05,yes,yes,20.87,ok,89.92,ok,yes,yes,87.97,100.0,yes,no,no,1,yes,,file_not_found
3o1u.wasm,3o1u.wasm,eqz_transformation,1,pipe15,4757,4757,0,0,4,4,3924.85,yes,yes,26.67,ok,88.44,ok,yes,yes,100.0,100.0,yes,no,no,1,yes,,file_not_found
5o2u.wasm,5o2u.wasm,add_sub_transformation,1,pipe13,4863,4863,0,0,4,4,4544.86,yes,yes,20.87,ok,42.93,ok,yes,yes,99.38,100.0,yes,no,no,1,yes,,file_not_found
5o1u.wasm,5o1u.wasm,constant_value_splitting,1,pipe18,4828,6773,0,0,4,4,4184.25,yes,yes,24.79,ok,169.19,ok,yes,yes,71.9,100.0,yes,no,no,1,yes,,file_not_found
5o1u.wasm,5o1u.wasm,constant_value_transformation,1,pipe19,4828,7441,0,0,4,4,4167.26,yes,yes,24.79,ok,171.27,ok,yes,yes,79.11,100.0,yes,no,no,1,yes,,file_not_found
2o3u.wasm,2o3u.wasm,constant_value_splitting,1,pipe18,4793,6733,0,0,4,4,5256.25,yes,yes,21.57,ok,108.67,ok,yes,yes,72.04,100.0,yes,no,no,1,yes,,file_not_found
3o3u.wasm,3o3u.wasm,import_insertion,1,pipe1,4828,4828,0,0,4,4,3282.2,yes,yes,10.18,ok,25.48,ok,yes,yes,100.0,100.0,yes,no,no,1,yes,,file_not_found
2o3u.wasm,2o3u.wasm,constant_value_transformation,1,pipe19,4793,7398,0,0,4,4,5228.47,yes,yes,21.57,ok,116.19,ok,yes,yes,79.08,100.0,yes,no,no,1,yes,,file_not_found
3o1u.wasm,3o1u.wasm,direct_to_indirect,1,pipe12,4757,4857,0,27,4,4,3556.56,yes,yes,26.67,ok,128.41,ok,yes,yes,98.73,100.0,yes,no,no,1,yes,,file_not_found
3o3u.wasm,3o3u.wasm,global_insertion,1,pipe4,4828,4828,0,0,4,4,3866.46,yes,yes,10.18,ok,15.11,ok,yes,yes,100.0,100.0,yes,no,no,1,yes,,file_not_found
4o3u.wasm,4o3u.wasm,add_sub_transformation,1,pipe13,4863,4863,0,0,4,4,3367.51,yes,yes,10.6,ok,22.89,ok,yes,yes,99.38,100.0,yes,no,no,1,yes,,file_not_found
3o1u.wasm,3o1u.wasm,function_body_cloning,1,pipe3,4757,9457,0,0,4,4,3777.98,yes,yes,26.67,ok,107.36,ok,yes,yes,66.53,100.0,yes,no,no,1,yes,,file_not_found
3o3u.wasm,3o3u.wasm,function_sig_insertion,1,pipe0,4828,5983,0,0,4,4,3958.85,yes,yes,10.18,ok,62.09,ok,yes,yes,94.74,100.0,yes,no,no,1,yes,,file_not_found
3o3u.wasm,3o3u.wasm,data_encryption,1,pipe8,4828,5131,0,0,4,4,3341.41,yes,yes,10.18,ok,14.0,ok,yes,yes,97.73,100.0,yes,no,no,1,yes,,file_not_found
3o3u.wasm,3o3u.wasm,data_insertion,1,pipe7,4828,4828,0,0,4,4,3476.46,yes,yes,10.18,ok,126.93,ok,yes,yes,100.0,100.0,yes,no,no,1,yes,,file_not_found
3o3u.wasm,3o3u.wasm,export_insertion,1,pipe6,4828,8012,0,0,4,4,3671.05,yes,yes,10.18,ok,97.16,ok,yes,yes,96.21,100.0,yes,no,no,1,yes,,file_not_found
3o3u.wasm,3o3u.wasm,eqz_transformation,1,pipe15,4828,4828,0,0,4,4,2817.71,yes,yes,10.18,ok,15.41,ok,yes,yes,100.0,100.0,yes,no,no,1,yes,,file_not_found
3o3u.wasm,3o3u.wasm,element_insertion,1,pipe5,4828,5474,0,0,4,4,3755.91,yes,yes,10.18,ok,35.78,ok,yes,yes,97.18,100.0,yes,no,no,1,yes,,file_not_found
3o3u.wasm,3o3u.wasm,shift_transformation,1,pipe14,4828,4828,0,0,4,4,3239.45,yes,yes,10.18,ok,74.92,ok,yes,yes,100.0,100.0,yes,no,no,1,yes,,file_not_found
3o3u.wasm,3o3u.wasm,mba_transformation,1,pipe17,4828,4891,0,0,4,4,3312.11,yes,yes,10.18,ok,97.08,ok,yes,yes,99.72,100.0,yes,no,no,1,yes,,file_not_found
5o2u.wasm,5o2u.wasm,constant_value_splitting,1,pipe18,4863,6814,0,0,4,4,4531.11,yes,yes,20.87,ok,37.31,ok,yes,yes,72.1,100.0,yes,no,no,1,yes,,file_not_found
4o3u.wasm,4o3u.wasm,offset_expansion,1,pipe16,4863,5796,0,0,4,4,3499.45,yes,yes,10.6,ok,15.84,ok,yes,yes,87.97,100.0,yes,no,no,1,yes,,file_not_found
3o3u.wasm,3o3u.wasm,direct_to_indirect,1,pipe12,4828,4951,0,35,4,4,3359.54,yes,yes,10.18,ok,37.43,ok,yes,yes,98.38,100.0,yes,no,no,1,yes,,file_not_found
5o2u.wasm,5o2u.wasm,constant_value_transformation,1,pipe19,4863,7484,0,0,4,4,4214.73,yes,yes,20.87,ok,142.21,ok,yes,yes,79.15,100.0,yes,no,no,1,yes,,file_not_found
3o1u.wasm,3o1u.wasm,add_sub_transformation,1,pipe13,4757,4757,0,0,4,4,3892.02,yes,yes,26.67,ok,89.59,ok,yes,yes,99.38,100.0,yes,no,no,1,yes,,file_not_found
7o2u.wasm,7o2u.wasm,data_encryption,1,pipe8,4933,5236,0,0,4,4,3223.4,yes,yes,21.54,ok,37.71,ok,yes,yes,97.76,100.0,yes,no,no,1,yes,,file_not_found
7o2u.wasm,7o2u.wasm,import_insertion,1,pipe1,4933,4933,0,0,4,4,3376.14,yes,yes,21.54,ok,101.68,ok,yes,yes,100.0,100.0,yes,no,no,1,yes,,file_not_found
7o2u.wasm,7o2u.wasm,global_insertion,1,pipe4,4933,4933,0,0,4,4,3567.09,yes,yes,21.54,ok,22.32,ok,yes,yes,100.0,100.0,yes,no,no,1,yes,,file_not_found
7o2u.wasm,7o2u.wasm,data_insertion,1,pipe7,4933,4933,0,0,4,4,3636.15,yes,yes,21.54,ok,26.56,ok,yes,yes,100.0,100.0,yes,no,no,1,yes,,file_not_found
7o2u.wasm,7o2u.wasm,shift_transformation,1,pipe14,4933,4933,0,0,4,4,3052.61,yes,yes,21.54,ok,14.89,ok,yes,yes,100.0,100.0,yes,no,no,1,yes,,file_not_found
7o2u.wasm,7o2u.wasm,eqz_transformation,1,pipe15,4933,4933,0,0,4,4,3073.77,yes,yes,21.54,ok,18.12,ok,yes,yes,100.0,100.0,yes,no,no,1,yes,,file_not_found
7o2u.wasm,7o2u.wasm,element_insertion,1,pipe5,4933,5579,0,0,4,4,3586.14,yes,yes,21.54,ok,30.1,ok,yes,yes,97.22,100.0,yes,no,no,1,yes,,file_not_found
7o2u.wasm,7o2u.wasm,function_sig_insertion,1,pipe0,4933,6095,0,0,4,4,3665.54,yes,yes,21.54,ok,72.41,ok,yes,yes,94.79,100.0,yes,no,no,1,yes,,file_not_found
3o1u.wasm,3o1u.wasm,offset_expansion,1,pipe16,4757,5690,0,0,4,4,4114.83,yes,yes,26.67,ok,32.88,ok,yes,yes,87.83,100.0,yes,no,no,1,yes,,file_not_found
7o2u.wasm,7o2u.wasm,export_insertion,1,pipe6,4933,8248,0,0,4,4,3879.51,yes,yes,21.54,ok,37.27,ok,yes,yes,96.16,100.0,yes,no,no,1,yes,,file_not_found
4o3u.wasm,4o3u.wasm,constant_value_splitting,1,pipe18,4863,6814,0,0,4,4,3435.8,yes,yes,10.6,ok,144.37,ok,yes,yes,72.2,100.0,yes,no,no,1,yes,,file_not_found
7o2u.wasm,7o2u.wasm,mba_transformation,1,pipe17,4933,4996,0,0,4,4,3053.41,yes,yes,21.54,ok,50.35,ok,yes,yes,99.72,100.0,yes,no,no,1,yes,,file_not_found
4o3u.wasm,4o3u.wasm,constant_value_transformation,1,pipe19,4863,7484,0,0,4,4,3187.41,yes,yes,10.6,ok,21.97,ok,yes,yes,79.15,100.0,yes,no,no,1,yes,,file_not_found
3o3u.wasm,3o3u.wasm,function_body_cloning,1,pipe3,4828,9597,0,0,4,4,3770.42,yes,yes,10.18,ok,102.05,ok,yes,yes,62.34,100.0,yes,no,no,1,yes,,file_not_found
7o2u.wasm,7o2u.wasm,direct_to_indirect,1,pipe12,4933,5092,0,47,4,4,3006.55,yes,yes,21.54,ok,42.44,ok,yes,yes,97.8,100.0,yes,no,no,1,yes,,file_not_found
3o3u.wasm,3o3u.wasm,add_sub_transformation,1,pipe13,4828,4828,0,0,4,4,3545.37,yes,yes,10.18,ok,64.34,ok,yes,yes,99.38,100.0,yes,no,no,1,yes,,file_not_found
2o2u.wasm,2o2u.wasm,global_insertion,1,pipe4,4757,4757,0,0,4,4,3398.26,yes,yes,10.32,ok,28.84,ok,yes,yes,100.0,100.0,yes,no,no,1,yes,,file_not_found
3o1u.wasm,3o1u.wasm,constant_value_splitting,1,pipe18,4757,6692,0,0,4,4,3487.23,yes,yes,26.67,ok,32.44,ok,yes,yes,71.96,100.0,yes,no,no,1,yes,,file_not_found
2o2u.wasm,2o2u.wasm,import_insertion,1,pipe1,4757,4757,0,0,4,4,3282.99,yes,yes,10.32,ok,31.36,ok,yes,yes,100.0,100.0,yes,no,no,1,yes,,file_not_found
3o1u.wasm,3o1u.wasm,constant_value_transformation,1,pipe19,4757,7355,0,0,4,4,3600.05,yes,yes,26.67,ok,38.61,ok,yes,yes,79.04,100.0,yes,no,no,1,yes,,file_not_found
3o3u.wasm,3o3u.wasm,offset_expansion,1,pipe16,4828,5761,0,0,4,4,3394.74,yes,yes,10.18,ok,84.92,ok,yes,yes,87.92,100.0,yes,no,no,1,yes,,file_not_found
2o2u.wasm,2o2u.wasm,data_encryption,1,pipe8,4757,5060,0,0,4,4,3562.56,yes,yes,10.32,ok,15.79,ok,yes,yes,97.71,100.0,yes,no,no,1,yes,,file_not_found
2o2u.wasm,2o2u.wasm,data_insertion,1,pipe7,4757,4757,0,0,4,4,3320.63,yes,yes,10.32,ok,80.08,ok,yes,yes,100.0,100.0,yes,no,no,1,yes,,file_not_found
2o2u.wasm,2o2u.wasm,element_insertion,1,pipe5,4757,5403,0,0,4,4,3531.46,yes,yes,10.32,ok,67.78,ok,yes,yes,97.16,100.0,yes,no,no,1,yes,,file_not_found
2o2u.wasm,2o2u.wasm,function_sig_insertion,1,pipe0,4757,5994,0,0,4,4,3184.72,yes,yes,10.32,ok,66.66,ok,yes,yes,94.4,100.0,yes,no,no,1,yes,,file_not_found
2o2u.wasm,2o2u.wasm,export_insertion,1,pipe6,4757,7879,0,0,4,4,3892.22,yes,yes,10.32,ok,47.55,ok,yes,yes,96.22,100.0,yes,no,no,1,yes,,file_not_found
2o2u.wasm,2o2u.wasm,shift_transformation,1,pipe14,4757,4757,0,0,4,4,3075.0,yes,yes,10.32,ok,15.19,ok,yes,yes,100.0,100.0,yes,no,no,1,yes,,file_not_found
5o1u.wasm,5o1u.wasm,function_insertion,1,pipe2,4828,29929,0,0,4,4,4647.49,yes,yes,24.79,ok,171.57,ok,yes,yes,30.67,100.0,yes,no,no,1,yes,,file_not_found
2o2u.wasm,2o2u.wasm,eqz_transformation,1,pipe15,4757,4757,0,0,4,4,3109.65,yes,yes,10.32,ok,36.34,ok,yes,yes,100.0,100.0,yes,no,no,1,yes,,file_not_found
2o2u.wasm,2o2u.wasm,mba_transformation,1,pipe17,4757,4820,0,0,4,4,2701.19,yes,yes,10.32,ok,50.71,ok,yes,yes,99.71,100.0,yes,no,no,1,yes,,file_not_found
7o2u.wasm,7o2u.wasm,function_body_cloning,1,pipe3,4933,9804,0,0,4,4,3641.64,yes,yes,21.54,ok,42.67,ok,yes,yes,65.79,100.0,yes,no,no,1,yes,,file_not_found
2o3u.wasm,2o3u.wasm,nop_insertion,1,pipe9,4793,7171,0,0,4,4,4645.99,yes,yes,21.57,ok,185.93,ok,yes,yes,74.59,100.0,yes,no,no,1,yes,,file_not_found
5o1u.wasm,5o1u.wasm,nop_insertion,1,pipe9,4828,7225,0,0,4,4,5386.64,yes,yes,24.79,ok,122.61,ok,yes,yes,74.59,100.0,yes,no,no,1,yes,,file_not_found
2o2u.wasm,2o2u.wasm,direct_to_indirect,1,pipe12,4757,4857,0,27,4,4,3008.01,yes,yes,10.32,ok,17.51,ok,yes,yes,98.73,100.0,yes,no,no,1,yes,,file_not_found
3o3u.wasm,3o3u.wasm,constant_value_splitting,1,pipe18,4828,6774,0,0,4,4,3150.69,yes,yes,10.18,ok,128.6,ok,yes,yes,72.11,100.0,yes,no,no,1,yes,,file_not_found
7o2u.wasm,7o2u.wasm,add_sub_transformation,1,pipe13,4933,4933,0,0,4,4,3307.11,yes,yes,21.54,ok,153.63,ok,yes,yes,99.39,100.0,yes,no,no,1,yes,,file_not_found
7o2u.wasm,7o2u.wasm,offset_expansion,1,pipe16,4933,5866,0,0,4,4,3167.74,yes,yes,21.54,ok,35.89,ok,yes,yes,88.06,100.0,yes,no,no,1,yes,,file_not_found
6o3u.wasm,6o3u.wasm,import_insertion,1,pipe1,4933,4933,0,0,4,4,3273.24,yes,yes,10.64,ok,12.26,ok,yes,yes,100.0,100.0,yes,no,no,1,yes,,file_not_found
4o3u.wasm,4o3u.wasm,function_insertion,1,pipe2,4863,35439,0,0,4,4,3812.08,yes,yes,10.6,ok,219.58,ok,yes,yes,24.07,100.0,yes,no,no,1,yes,,file_not_found
6o3u.wasm,6o3u.wasm,global_insertion,1,pipe4,4933,4933,0,0,4,4,3333.55,yes,yes,10.64,ok,49.16,ok,yes,yes,100.0,100.0,yes,no,no,1,yes,,file_not_found
2o3u.wasm,2o3u.wasm,function_insertion,1,pipe2,4793,38371,0,0,4,4,4391.19,yes,yes,21.57,ok,211.89,ok,yes,yes,23.96,100.0,yes,no,no,1,yes,,file_not_found
6o3u.wasm,6o3u.wasm,element_insertion,1,pipe5,4933,5579,0,0,4,4,3092.03,yes,yes,10.64,ok,99.04,ok,yes,yes,97.22,100.0,yes,no,no,1,yes,,file_not_found
5o2u.wasm,5o2u.wasm,nop_insertion,1,pipe9,4863,7279,0,0,4,4,5043.56,yes,yes,20.87,ok,37.13,ok,yes,yes,74.6,100.0,yes,no,no,1,yes,,file_not_found
6o3u.wasm,6o3u.wasm,data_insertion,1,pipe7,4933,4933,0,0,4,4,3379.1,yes,yes,10.64,ok,17.95,ok,yes,yes,100.0,100.0,yes,no,no,1,yes,,file_not_found
3o3u.wasm,3o3u.wasm,constant_value_transformation,1,pipe19,4828,7441,0,0,4,4,3038.08,yes,yes,10.18,ok,92.61,ok,yes,yes,79.11,100.0,yes,no,no,1,yes,,file_not_found
6o3u.wasm,6o3u.wasm,function_sig_insertion,1,pipe0,4933,6179,0,0,4,4,3350.61,yes,yes,10.64,ok,73.99,ok,yes,yes,94.52,100.0,yes,no,no,1,yes,,file_not_found
5o2u.wasm,5o2u.wasm,function_insertion,1,pipe2,4863,38355,0,0,4,4,4127.83,yes,yes,20.87,ok,199.28,ok,yes,yes,21.69,100.0,yes,no,no,1,yes,,file_not_found
6o3u.wasm,6o3u.wasm,export_insertion,1,pipe6,4933,7980,0,0,4,4,3502.35,yes,yes,10.64,ok,44.23,ok,yes,yes,96.35,100.0,yes,no,no,1,yes,,file_not_found
6o3u.wasm,6o3u.wasm,data_encryption,1,pipe8,4933,5236,0,0,4,4,3401.09,yes,yes,10.64,ok,19.85,ok,yes,yes,97.76,100.0,yes,no,no,1,yes,,file_not_found
6o3u.wasm,6o3u.wasm,shift_transformation,1,pipe14,4933,4933,0,0,4,4,2887.29,yes,yes,10.64,ok,110.57,ok,yes,yes,100.0,100.0,yes,no,no,1,yes,,file_not_found
2o2u.wasm,2o2u.wasm,function_body_cloning,1,pipe3,4757,9457,0,0,4,4,3499.05,yes,yes,10.32,ok,56.02,ok,yes,yes,66.47,100.0,yes,no,no,1,yes,,file_not_found
6o3u.wasm,6o3u.wasm,mba_transformation,1,pipe17,4933,4996,0,0,4,4,2712.07,yes,yes,10.64,ok,34.99,ok,yes,yes,99.72,100.0,yes,no,no,1,yes,,file_not_found
6o3u.wasm,6o3u.wasm,eqz_transformation,1,pipe15,4933,4933,0,0,4,4,3303.26,yes,yes,10.64,ok,36.52,ok,yes,yes,100.0,100.0,yes,no,no,1,yes,,file_not_found
7o2u.wasm,7o2u.wasm,constant_value_splitting,1,pipe18,4933,6896,0,0,4,4,2708.13,yes,yes,21.54,ok,40.03,ok,yes,yes,72.35,100.0,yes,no,no,1,yes,,file_not_found
4o3u.wasm,4o3u.wasm,nop_insertion,1,pipe9,4863,7279,0,0,4,4,4630.18,yes,yes,10.6,ok,15.44,ok,yes,yes,74.6,100.0,yes,no,no,1,yes,,file_not_found
2o2u.wasm,2o2u.wasm,offset_expansion,1,pipe16,4757,5690,0,0,4,4,3055.11,yes,yes,10.32,ok,37.72,ok,yes,yes,87.83,100.0,yes,no,no,1,yes,,file_not_found
6o3u.wasm,6o3u.wasm,direct_to_indirect,1,pipe12,4933,5092,0,47,4,4,2866.07,yes,yes,10.64,ok,26.61,ok,yes,yes,97.8,100.0,yes,no,no,1,yes,,file_not_found
2o2u.wasm,2o2u.wasm,add_sub_transformation,1,pipe13,4757,4757,0,0,4,4,3157.54,yes,yes,10.32,ok,23.91,ok,yes,yes,99.38,100.0,yes,no,no,1,yes,,file_not_found
7o3u.wasm,7o3u.wasm,import_insertion,1,pipe1,4968,4968,0,0,4,4,3819.85,yes,yes,20.16,ok,109.59,ok,yes,yes,100.0,100.0,yes,no,no,1,yes,,file_not_found
7o3u.wasm,7o3u.wasm,global_insertion,1,pipe4,4968,4968,0,0,4,4,3417.65,yes,yes,20.16,ok,51.28,ok,yes,yes,100.0,100.0,yes,no,no,1,yes,,file_not_found
7o3u.wasm,7o3u.wasm,data_insertion,1,pipe7,4968,4968,0,0,4,4,3439.71,yes,yes,20.16,ok,17.12,ok,yes,yes,100.0,100.0,yes,no,no,1,yes,,file_not_found
7o3u.wasm,7o3u.wasm,data_encryption,1,pipe8,4968,5271,0,0,4,4,3361.3,yes,yes,20.16,ok,36.48,ok,yes,yes,97.77,100.0,yes,no,no,1,yes,,file_not_found
7o3u.wasm,7o3u.wasm,element_insertion,1,pipe5,4968,5614,0,0,4,4,3318.84,yes,yes,20.16,ok,83.23,ok,yes,yes,97.23,100.0,yes,no,no,1,yes,,file_not_found
7o2u.wasm,7o2u.wasm,constant_value_transformation,1,pipe19,4933,7570,0,0,4,4,3236.06,yes,yes,21.54,ok,89.35,ok,yes,yes,79.22,100.0,yes,no,no,1,yes,,file_not_found
7o3u.wasm,7o3u.wasm,function_sig_insertion,1,pipe0,4968,6223,0,0,4,4,3448.15,yes,yes,20.16,ok,101.9,ok,yes,yes,94.54,100.0,yes,no,no,1,yes,,file_not_found
7o3u.wasm,7o3u.wasm,shift_transformation,1,pipe14,4968,4968,0,0,4,4,2766.84,yes,yes,20.16,ok,19.42,ok,yes,yes,100.0,100.0,yes,no,no,1,yes,,file_not_found
7o3u.wasm,7o3u.wasm,eqz_transformation,1,pipe15,4968,4968,0,0,4,4,2867.1,yes,yes,20.16,ok,16.29,ok,yes,yes,100.0,100.0,yes,no,no,1,yes,,file_not_found
7o3u.wasm,7o3u.wasm,export_insertion,1,pipe6,4968,7781,0,0,4,4,3851.65,yes,yes,20.16,ok,75.72,ok,yes,yes,96.53,100.0,yes,no,no,1,yes,,file_not_found
6o3u.wasm,6o3u.wasm,function_body_cloning,1,pipe3,4933,9804,0,0,4,4,3378.72,yes,yes,10.64,ok,78.89,ok,yes,yes,64.61,100.0,yes,no,no,1,yes,,file_not_found
7o3u.wasm,7o3u.wasm,mba_transformation,1,pipe17,4968,5031,0,0,4,4,3030.17,yes,yes,20.16,ok,105.54,ok,yes,yes,99.72,100.0,yes,no,no,1,yes,,file_not_found
2o2u.wasm,2o2u.wasm,constant_value_splitting,1,pipe18,4757,6693,0,0,4,4,2564.24,yes,yes,10.32,ok,148.82,ok,yes,yes,71.81,100.0,yes,no,no,1,yes,,file_not_found
3o1u.wasm,3o1u.wasm,nop_insertion,1,pipe9,4757,7117,0,0,4,4,3826.9,yes,yes,26.67,ok,43.06,ok,yes,yes,74.58,100.0,yes,no,no,1,yes,,file_not_found
7o3u.wasm,7o3u.wasm,direct_to_indirect,1,pipe12,4968,5139,0,51,4,4,3465.69,yes,yes,20.16,ok,53.7,ok,yes,yes,98.22,100.0,yes,no,no,1,yes,,file_not_found
6o3u.wasm,6o3u.wasm,add_sub_transformation,1,pipe13,4933,4933,0,0,4,4,3305.83,yes,yes,10.64,ok,27.36,ok,yes,yes,99.39,100.0,yes,no,no,1,yes,,file_not_found
2o2u.wasm,2o2u.wasm,constant_value_transformation,1,pipe19,4757,7355,0,0,4,4,2704.29,yes,yes,10.32,ok,113.27,ok,yes,yes,79.04,100.0,yes,no,no,1,yes,,file_not_found
4o1u.wasm,4o1u.wasm,data_insertion,1,pipe7,4793,4793,0,0,4,4,3019.71,yes,yes,10.25,ok,16.73,ok,yes,yes,100.0,100.0,yes,no,no,1,yes,,file_not_found
4o1u.wasm,4o1u.wasm,element_insertion,1,pipe5,4793,5439,0,0,4,4,2981.04,yes,yes,10.25,ok,76.67,ok,yes,yes,97.17,100.0,yes,no,no,1,yes,,file_not_found
4o1u.wasm,4o1u.wasm,import_insertion,1,pipe1,4793,4793,0,0,4,4,3318.92,yes,yes,10.25,ok,16.81,ok,yes,yes,100.0,100.0,yes,no,no,1,yes,,file_not_found
3o3u.wasm,3o3u.wasm,nop_insertion,1,pipe9,4828,7225,0,0,4,4,3364.92,yes,yes,10.18,ok,18.85,ok,yes,yes,74.59,100.0,yes,no,no,1,yes,,file_not_found
4o1u.wasm,4o1u.wasm,global_insertion,1,pipe4,4793,4793,0,0,4,4,3577.21,yes,yes,10.25,ok,16.1,ok,yes,yes,100.0,100.0,yes,no,no,1,yes,,file_not_found
4o1u.wasm,4o1u.wasm,export_insertion,1,pipe6,4793,7838,0,0,4,4,3215.05,yes,yes,10.25,ok,98.26,ok,yes,yes,96.29,100.0,yes,no,no,1,yes,,file_not_found
4o1u.wasm,4o1u.wasm,function_sig_insertion,1,pipe0,4793,5949,0,0,4,4,3071.52,yes,yes,10.25,ok,133.23,ok,yes,yes,94.75,100.0,yes,no,no,1,yes,,file_not_found
4o1u.wasm,4o1u.wasm,data_encryption,1,pipe8,4793,5096,0,0,4,4,3310.19,yes,yes,10.25,ok,17.01,ok,yes,yes,97.72,100.0,yes,no,no,1,yes,,file_not_found
6o3u.wasm,6o3u.wasm,offset_expansion,1,pipe16,4933,5866,0,0,4,4,2840.28,yes,yes,10.64,ok,87.42,ok,yes,yes,88.06,100.0,yes,no,no,1,yes,,file_not_found
4o1u.wasm,4o1u.wasm,shift_transformation,1,pipe14,4793,4793,0,0,4,4,2715.36,yes,yes,10.25,ok,22.84,ok,yes,yes,100.0,100.0,yes,no,no,1,yes,,file_not_found
4o1u.wasm,4o1u.wasm,eqz_transformation,1,pipe15,4793,4793,0,0,4,4,3015.88,yes,yes,10.25,ok,21.6,ok,yes,yes,100.0,100.0,yes,no,no,1,yes,,file_not_found
4o1u.wasm,4o1u.wasm,mba_transformation,1,pipe17,4793,4856,0,0,4,4,2866.27,yes,yes,10.25,ok,16.03,ok,yes,yes,99.71,100.0,yes,no,no,1,yes,,file_not_found
4o1u.wasm,4o1u.wasm,direct_to_indirect,1,pipe12,4793,4904,0,31,4,4,2574.34,yes,yes,10.25,ok,19.79,ok,yes,yes,98.43,100.0,yes,no,no,1,yes,,file_not_found
7o3u.wasm,7o3u.wasm,function_body_cloning,1,pipe3,4968,9873,0,0,4,4,3781.65,yes,yes,20.16,ok,109.65,ok,yes,yes,63.69,100.0,yes,no,no,1,yes,,file_not_found
6o1u.wasm,6o1u.wasm,import_insertion,1,pipe1,4863,4863,0,0,4,4,3135.47,yes,yes,10.52,ok,16.9,ok,yes,yes,100.0,100.0,yes,no,no,1,yes,,file_not_found
7o3u.wasm,7o3u.wasm,add_sub_transformation,1,pipe13,4968,4968,0,0,4,4,3498.31,yes,yes,20.16,ok,33.61,ok,yes,yes,99.39,100.0,yes,no,no,1,yes,,file_not_found
6o3u.wasm,6o3u.wasm,constant_value_splitting,1,pipe18,4933,6897,0,0,4,4,3383.93,yes,yes,10.64,ok,167.39,ok,yes,yes,72.35,100.0,yes,no,no,1,yes,,file_not_found
6o1u.wasm,6o1u.wasm,global_insertion,1,pipe4,4863,4863,0,0,4,4,3139.56,yes,yes,10.52,ok,67.7,ok,yes,yes,100.0,100.0,yes,no,no,1,yes,,file_not_found
6o1u.wasm,6o1u.wasm,element_insertion,1,pipe5,4863,5509,0,0,4,4,2979.11,yes,yes,10.52,ok,59.7,ok,yes,yes,97.19,100.0,yes,no,no,1,yes,,file_not_found
6o1u.wasm,6o1u.wasm,data_insertion,1,pipe7,4863,4863,0,0,4,4,2939.23,yes,yes,10.52,ok,41.91,ok,yes,yes,100.0,100.0,yes,no,no,1,yes,,file_not_found
7o2u.wasm,7o2u.wasm,nop_insertion,1,pipe9,4933,7387,0,0,4,4,3645.03,yes,yes,21.54,ok,37.33,ok,yes,yes,74.62,100.0,yes,no,no,1,yes,,file_not_found
7o3u.wasm,7o3u.wasm,offset_expansion,1,pipe16,4968,5901,0,0,4,4,2976.01,yes,yes,20.16,ok,37.69,ok,yes,yes,88.11,100.0,yes,no,no,1,yes,,file_not_found
6o3u.wasm,6o3u.wasm,constant_value_transformation,1,pipe19,4933,7570,0,0,4,4,2940.44,yes,yes,10.64,ok,32.44,ok,yes,yes,79.22,100.0,yes,no,no,1,yes,,file_not_found
6o1u.wasm,6o1u.wasm,export_insertion,1,pipe6,4863,8069,0,0,4,4,2964.35,yes,yes,10.52,ok,56.09,ok,yes,yes,96.22,100.0,yes,no,no,1,yes,,file_not_found
6o1u.wasm,6o1u.wasm,function_sig_insertion,1,pipe0,4863,6061,0,0,4,4,3221.18,yes,yes,10.52,ok,51.78,ok,yes,yes,94.63,100.0,yes,no,no,1,yes,,file_not_found
6o1u.wasm,6o1u.wasm,data_encryption,1,pipe8,4863,5166,0,0,4,4,2963.35,yes,yes,10.52,ok,16.0,ok,yes,yes,97.74,100.0,yes,no,no,1,yes,,file_not_found
6o1u.wasm,6o1u.wasm,shift_transformation,1,pipe14,4863,4863,0,0,4,4,2329.45,yes,yes,10.52,ok,30.85,ok,yes,yes,100.0,100.0,yes,no,no,1,yes,,file_not_found
6o1u.wasm,6o1u.wasm,eqz_transformation,1,pipe15,4863,4863,0,0,4,4,3092.59,yes,yes,10.52,ok,64.68,ok,yes,yes,100.0,100.0,yes,no,no,1,yes,,file_not_found
6o1u.wasm,6o1u.wasm,mba_transformation,1,pipe17,4863,4926,0,0,4,4,2713.15,yes,yes,10.52,ok,112.32,ok,yes,yes,99.72,100.0,yes,no,no,1,yes,,file_not_found
3o3u.wasm,3o3u.wasm,function_insertion,1,pipe2,4828,26954,0,0,4,4,3972.15,yes,yes,10.18,ok,111.07,ok,yes,yes,27.22,100.0,yes,no,no,1,yes,,file_not_found
4o1u.wasm,4o1u.wasm,function_body_cloning,1,pipe3,4793,9528,0,0,4,4,3290.18,yes,yes,10.25,ok,52.02,ok,yes,yes,65.82,100.0,yes,no,no,1,yes,,file_not_found
4o1u.wasm,4o1u.wasm,add_sub_transformation,1,pipe13,4793,4793,0,0,4,4,2606.32,yes,yes,10.25,ok,22.47,ok,yes,yes,99.38,100.0,yes,no,no,1,yes,,file_not_found
3o1u.wasm,3o1u.wasm,function_insertion,1,pipe2,4757,42789,0,0,4,4,3413.59,yes,yes,26.67,ok,206.83,ok,yes,yes,19.74,100.0,yes,no,no,1,yes,,file_not_found
4o1u.wasm,4o1u.wasm,offset_expansion,1,pipe16,4793,5726,0,0,4,4,2797.18,yes,yes,10.25,ok,14.59,ok,yes,yes,87.88,100.0,yes,no,no,1,yes,,file_not_found
2o2u.wasm,2o2u.wasm,nop_insertion,1,pipe9,4757,7117,0,0,4,4,3858.42,yes,yes,10.32,ok,26.52,ok,yes,yes,74.58,100.0,yes,no,no,1,yes,,file_not_found
7o2u.wasm,7o2u.wasm,function_insertion,1,pipe2,4933,32413,0,0,4,4,3790.87,yes,yes,21.54,ok,107.65,ok,yes,yes,25.02,100.0,yes,no,no,1,yes,,file_not_found
6o1u.wasm,6o1u.wasm,direct_to_indirect,1,pipe12,4863,4998,0,39,4,4,2813.25,yes,yes,10.52,ok,74.14,ok,yes,yes,98.13,100.0,yes,no,no,1,yes,,file_not_found
7o3u.wasm,7o3u.wasm,constant_value_splitting,1,pipe18,4968,6939,0,0,4,4,2902.5,yes,yes,20.16,ok,31.38,ok,yes,yes,72.39,100.0,yes,no,no,1,yes,,file_not_found
7o3u.wasm,7o3u.wasm,constant_value_transformation,1,pipe19,4968,7613,0,0,4,4,2820.69,yes,yes,20.16,ok,142.97,ok,yes,yes,79.27,100.0,yes,no,no,1,yes,,file_not_found
6o1u.wasm,6o1u.wasm,function_body_cloning,1,pipe3,4863,9666,0,0,4,4,3083.3,yes,yes,10.52,ok,79.0,ok,yes,yes,64.99,100.0,yes,no,no,1,yes,,file_not_found
8o1u.wasm,8o1u.wasm,import_insertion,1,pipe1,4933,4933,0,0,4,4,3431.34,yes,yes,9.75,ok,17.92,ok,yes,yes,100.0,100.0,yes,no,no,1,yes,,file_not_found
8o1u.wasm,8o1u.wasm,data_encryption,1,pipe8,4933,5236,0,0,4,4,2964.58,yes,yes,9.75,ok,16.8,ok,yes,yes,97.76,100.0,yes,no,no,1,yes,,file_not_found
8o1u.wasm,8o1u.wasm,element_insertion,1,pipe5,4933,5579,0,0,4,4,3577.21,yes,yes,9.75,ok,29.76,ok,yes,yes,97.22,100.0,yes,no,no,1,yes,,file_not_found
8o1u.wasm,8o1u.wasm,global_insertion,1,pipe4,4933,4933,0,0,4,4,3673.19,yes,yes,9.75,ok,57.89,ok,yes,yes,100.0,100.0,yes,no,no,1,yes,,file_not_found
8o1u.wasm,8o1u.wasm,function_sig_insertion,1,pipe0,4933,6166,0,0,4,4,3314.31,yes,yes,9.75,ok,113.24,ok,yes,yes,94.58,100.0,yes,no,no,1,yes,,file_not_found
8o1u.wasm,8o1u.wasm,data_insertion,1,pipe7,4933,4933,0,0,4,4,3495.12,yes,yes,9.75,ok,15.25,ok,yes,yes,100.0,100.0,yes,no,no,1,yes,,file_not_found
8o1u.wasm,8o1u.wasm,export_insertion,1,pipe6,4933,7826,0,0,4,4,3407.45,yes,yes,9.75,ok,101.28,ok,yes,yes,96.45,100.0,yes,no,no,1,yes,,file_not_found
8o1u.wasm,8o1u.wasm,shift_transformation,1,pipe14,4933,4933,0,0,4,4,3081.43,yes,yes,9.75,ok,14.91,ok,yes,yes,100.0,100.0,yes,no,no,1,yes,,file_not_found
8o1u.wasm,8o1u.wasm,eqz_transformation,1,pipe15,4933,4933,0,0,4,4,2809.44,yes,yes,9.75,ok,20.62,ok,yes,yes,100.0,100.0,yes,no,no,1,yes,,file_not_found
4o1u.wasm,4o1u.wasm,constant_value_splitting,1,pipe18,4793,6732,0,0,4,4,2370.97,yes,yes,10.25,ok,60.1,ok,yes,yes,72.03,100.0,yes,no,no,1,yes,,file_not_found
8o1u.wasm,8o1u.wasm,mba_transformation,1,pipe17,4933,4996,0,0,4,4,2692.12,yes,yes,9.75,ok,12.67,ok,yes,yes,99.72,100.0,yes,no,no,1,yes,,file_not_found
6o1u.wasm,6o1u.wasm,add_sub_transformation,1,pipe13,4863,4863,0,0,4,4,2877.71,yes,yes,10.52,ok,17.59,ok,yes,yes,99.38,100.0,yes,no,no,1,yes,,file_not_found
6o1u.wasm,6o1u.wasm,offset_expansion,1,pipe16,4863,5796,0,0,4,4,2855.32,yes,yes,10.52,ok,117.42,ok,yes,yes,87.97,100.0,yes,no,no,1,yes,,file_not_found
8o1u.wasm,8o1u.wasm,direct_to_indirect,1,pipe12,4933,5092,0,47,4,4,2823.73,yes,yes,9.75,ok,16.02,ok,yes,yes,97.8,100.0,yes,no,no,1,yes,,file_not_found
4o1u.wasm,4o1u.wasm,constant_value_transformation,1,pipe19,4793,7398,0,0,4,4,2248.69,yes,yes,10.25,ok,69.64,ok,yes,yes,79.08,100.0,yes,no,no,1,yes,,file_not_found
6o3u.wasm,6o3u.wasm,nop_insertion,1,pipe9,4933,7387,0,0,4,4,3901.52,yes,yes,10.64,ok,14.97,ok,yes,yes,74.62,100.0,yes,no,no,1,yes,,file_not_found
8o2u.wasm,8o2u.wasm,import_insertion,1,pipe1,4968,4968,0,0,4,4,3393.86,yes,yes,10.23,ok,45.6,ok,yes,yes,100.0,100.0,yes,no,no,1,yes,,file_not_found
6o3u.wasm,6o3u.wasm,function_insertion,1,pipe2,4933,28426,0,0,4,4,3637.7,yes,yes,10.64,ok,101.82,ok,yes,yes,27.73,100.0,yes,no,no,1,yes,,file_not_found
8o2u.wasm,8o2u.wasm,global_insertion,1,pipe4,4968,4968,0,0,4,4,3390.46,yes,yes,10.23,ok,14.73,ok,yes,yes,100.0,100.0,yes,no,no,1,yes,,file_not_found
8o2u.wasm,8o2u.wasm,function_sig_insertion,1,pipe0,4968,6099,0,0,4,4,3442.82,yes,yes,10.23,ok,58.28,ok,yes,yes,94.86,100.0,yes,no,no,1,yes,,file_not_found
8o2u.wasm,8o2u.wasm,data_insertion,1,pipe7,4968,4968,0,0,4,4,3239.22,yes,yes,10.23,ok,14.61,ok,yes,yes,100.0,100.0,yes,no,no,1,yes,,file_not_found
8o2u.wasm,8o2u.wasm,data_encryption,1,pipe8,4968,5271,0,0,4,4,3290.13,yes,yes,10.23,ok,12.21,ok,yes,yes,97.77,100.0,yes,no,no,1,yes,,file_not_found
8o2u.wasm,8o2u.wasm,element_insertion,1,pipe5,4968,5614,0,0,4,4,3496.1,yes,yes,10.23,ok,37.36,ok,yes,yes,97.23,100.0,yes,no,no,1,yes,,file_not_found
8o2u.wasm,8o2u.wasm,eqz_transformation,1,pipe15,4968,4968,0,0,4,4,2401.49,yes,yes,10.23,ok,17.29,ok,yes,yes,100.0,100.0,yes,no,no,1,yes,,file_not_found
6o1u.wasm,6o1u.wasm,constant_value_splitting,1,pipe18,4863,6813,0,0,4,4,2875.48,yes,yes,10.52,ok,151.76,ok,yes,yes,72.24,100.0,yes,no,no,1,yes,,file_not_found
8o2u.wasm,8o2u.wasm,export_insertion,1,pipe6,4968,7928,0,0,4,4,3627.86,yes,yes,10.23,ok,38.25,ok,yes,yes,96.42,100.0,yes,no,no,1,yes,,file_not_found
8o1u.wasm,8o1u.wasm,add_sub_transformation,1,pipe13,4933,4933,0,0,4,4,3038.03,yes,yes,9.75,ok,18.6,ok,yes,yes,99.39,100.0,yes,no,no,1,yes,,file_not_found
8o2u.wasm,8o2u.wasm,mba_transformation,1,pipe17,4968,5031,0,0,4,4,2674.88,yes,yes,10.23,ok,15.63,ok,yes,yes,99.72,100.0,yes,no,no,1,yes,,file_not_found
8o2u.wasm,8o2u.wasm,shift_transformation,1,pipe14,4968,4968,0,0,4,4,3114.73,yes,yes,10.23,ok,111.87,ok,yes,yes,100.0,100.0,yes,no,no,1,yes,,file_not_found
8o1u.wasm,8o1u.wasm,offset_expansion,1,pipe16,4933,5866,0,0,4,4,2757.16,yes,yes,9.75,ok,18.72,ok,yes,yes,88.06,100.0,yes,no,no,1,yes,,file_not_found
6o1u.wasm,6o1u.wasm,constant_value_transformation,1,pipe19,4863,7484,0,0,4,4,2835.71,yes,yes,10.52,ok,68.45,ok,yes,yes,79.15,100.0,yes,no,no,1,yes,,file_not_found
8o1u.wasm,8o1u.wasm,function_body_cloning,1,pipe3,4933,9804,0,0,4,4,3735.04,yes,yes,9.75,ok,39.84,ok,yes,yes,62.85,100.0,yes,no,no,1,yes,,file_not_found
4o1u.wasm,4o1u.wasm,function_insertion,1,pipe2,4793,39524,0,0,4,4,3574.99,yes,yes,10.25,ok,133.93,ok,yes,yes,25.19,100.0,yes,no,no,1,yes,,file_not_found
8o2u.wasm,8o2u.wasm,direct_to_indirect,1,pipe12,4968,5139,0,51,4,4,2894.01,yes,yes,10.23,ok,16.27,ok,yes,yes,98.22,100.0,yes,no,no,1,yes,,file_not_found
7o3u.wasm,7o3u.wasm,nop_insertion,1,pipe9,4968,7441,0,0,4,4,3655.79,yes,yes,20.16,ok,69.22,ok,yes,yes,74.64,100.0,yes,no,no,1,yes,,file_not_found
2o1u.wasm,2o1u.wasm,import_insertion,1,pipe1,4718,4718,0,0,4,4,3164.11,yes,yes,21.63,ok,45.3,ok,yes,yes,100.0,100.0,yes,no,no,1,yes,,file_not_found
2o1u.wasm,2o1u.wasm,data_encryption,1,pipe8,4718,5021,0,0,4,4,3133.96,yes,yes,21.63,ok,38.79,ok,yes,yes,97.7,100.0,yes,no,no,1,yes,,file_not_found
2o1u.wasm,2o1u.wasm,global_insertion,1,pipe4,4718,4718,0,0,4,4,3435.22,yes,yes,21.63,ok,13.49,ok,yes,yes,100.0,100.0,yes,no,no,1,yes,,file_not_found
2o1u.wasm,2o1u.wasm,data_insertion,1,pipe7,4718,4718,0,0,4,4,3100.3,yes,yes,21.63,ok,13.17,ok,yes,yes,100.0,100.0,yes,no,no,1,yes,,file_not_found
8o1u.wasm,8o1u.wasm,constant_value_transformation,1,pipe19,4933,7570,0,0,4,4,2348.87,yes,yes,9.75,ok,22.71,ok,yes,yes,79.22,100.0,yes,no,no,1,yes,,file_not_found
2o1u.wasm,2o1u.wasm,function_sig_insertion,1,pipe0,4718,5828,0,0,4,4,3219.89,yes,yes,21.63,ok,107.58,ok,yes,yes,94.83,100.0,yes,no,no,1,yes,,file_not_found
8o2u.wasm,8o2u.wasm,function_body_cloning,1,pipe3,4968,9873,0,0,4,4,3606.55,yes,yes,10.23,ok,49.35,ok,yes,yes,63.9,100.0,yes,no,no,1,yes,,file_not_found
2o1u.wasm,2o1u.wasm,element_insertion,1,pipe5,4718,5364,0,0,4,4,3367.8,yes,yes,21.63,ok,43.51,ok,yes,yes,97.15,100.0,yes,no,no,1,yes,,file_not_found
4o1u.wasm,4o1u.wasm,nop_insertion,1,pipe9,4793,7171,0,0,4,4,3512.44,yes,yes,10.25,ok,15.45,ok,yes,yes,74.59,100.0,yes,no,no,1,yes,,file_not_found
2o1u.wasm,2o1u.wasm,export_insertion,1,pipe6,4718,7859,0,0,4,4,3321.75,yes,yes,21.63,ok,98.59,ok,yes,yes,96.19,100.0,yes,no,no,1,yes,,file_not_found
2o1u.wasm,2o1u.wasm,shift_transformation,1,pipe14,4718,4718,0,0,4,4,2643.96,yes,yes,21.63,ok,16.27,ok,yes,yes,100.0,100.0,yes,no,no,1,yes,,file_not_found
7o3u.wasm,7o3u.wasm,function_insertion,1,pipe2,4968,30007,0,0,4,4,3577.08,yes,yes,20.16,ok,117.12,ok,yes,yes,27.01,100.0,yes,no,no,1,yes,,file_not_found
2o1u.wasm,2o1u.wasm,eqz_transformation,1,pipe15,4718,4718,0,0,4,4,2901.49,yes,yes,21.63,ok,55.61,ok,yes,yes,100.0,100.0,yes,no,no,1,yes,,file_not_found
8o1u.wasm,8o1u.wasm,constant_value_splitting,1,pipe18,4933,6896,0,0,4,4,2613.17,yes,yes,9.75,ok,35.11,ok,yes,yes,72.35,100.0,yes,no,no,1,yes,,file_not_found
2o1u.wasm,2o1u.wasm,mba_transformation,1,pipe17,4718,4781,0,0,4,4,2713.36,yes,yes,21.63,ok,80.12,ok,yes,yes,99.71,100.0,yes,no,no,1,yes,,file_not_found
8o2u.wasm,8o2u.wasm,add_sub_transformation,1,pipe13,4968,4968,0,0,4,4,2728.97,yes,yes,10.23,ok,16.35,ok,yes,yes,99.39,100.0,yes,no,no,1,yes,,file_not_found
2o2u.wasm,2o2u.wasm,function_insertion,1,pipe2,4757,53165,0,0,4,4,3409.92,yes,yes,10.32,ok,174.29,ok,yes,yes,15.89,100.0,yes,no,no,1,yes,,file_not_found
2o1u.wasm,2o1u.wasm,direct_to_indirect,1,pipe12,4718,4805,0,23,4,4,2532.38,yes,yes,21.63,ok,38.78,ok,yes,yes,99.05,100.0,yes,no,no,1,yes,,file_not_found
6o1u.wasm,6o1u.wasm,nop_insertion,1,pipe9,4863,7279,0,0,4,4,2957.24,yes,yes,10.52,ok,49.1,ok,yes,yes,74.6,100.0,yes,no,no,1,yes,,file_not_found
8o2u.wasm,8o2u.wasm,offset_expansion,1,pipe16,4968,5901,0,0,4,4,2505.76,yes,yes,10.23,ok,28.5,ok,yes,yes,88.11,100.0,yes,no,no,1,yes,,file_not_found
9o1u.wasm,9o1u.wasm,import_insertion,1,pipe1,4968,4968,0,0,4,4,3269.63,yes,yes,10.06,ok,94.67,ok,yes,yes,100.0,100.0,yes,no,no,1,yes,,file_not_found
9o1u.wasm,9o1u.wasm,global_insertion,1,pipe4,4968,4968,0,0,4,4,2874.61,yes,yes,10.06,ok,22.17,ok,yes,yes,100.0,100.0,yes,no,no,1,yes,,file_not_found
2o1u.wasm,2o1u.wasm,function_body_cloning,1,pipe3,4718,9380,0,0,4,4,2130.21,yes,yes,21.63,ok,87.23,ok,yes,yes,61.92,100.0,yes,no,no,1,yes,,file_not_found
9o1u.wasm,9o1u.wasm,data_insertion,1,pipe7,4968,4968,0,0,4,4,2670.17,yes,yes,10.06,ok,21.39,ok,yes,yes,100.0,100.0,yes,no,no,1,yes,,file_not_found
6o1u.wasm,6o1u.wasm,function_insertion,1,pipe2,4863,42143,0,0,4,4,3341.11,yes,yes,10.52,ok,155.34,ok,yes,yes,20.75,100.0,yes,no,no,1,yes,,file_not_found
9o1u.wasm,9o1u.wasm,element_insertion,1,pipe5,4968,5614,0,0,4,4,2962.47,yes,yes,10.06,ok,35.82,ok,yes,yes,97.23,100.0,yes,no,no,1,yes,,file_not_found
9o1u.wasm,9o1u.wasm,export_insertion,1,pipe6,4968,7997,0,0,4,4,3089.09,yes,yes,10.06,ok,66.39,ok,yes,yes,96.39,100.0,yes,no,no,1,yes,,file_not_found
9o1u.wasm,9o1u.wasm,data_encryption,1,pipe8,4968,5271,0,0,4,4,2889.5,yes,yes,10.06,ok,22.9,ok,yes,yes,97.77,100.0,yes,no,no,1,yes,,file_not_found
9o1u.wasm,9o1u.wasm,function_sig_insertion,1,pipe0,4968,6180,0,0,4,4,3553.7,yes,yes,10.06,ok,49.65,ok,yes,yes,94.66,100.0,yes,no,no,1,yes,,file_not_found
9o1u.wasm,9o1u.wasm,shift_transformation,1,pipe14,4968,4968,0,0,4,4,2823.33,yes,yes,10.06,ok,17.42,ok,yes,yes,100.0,100.0,yes,no,no,1,yes,,file_not_found
9o1u.wasm,9o1u.wasm,eqz_transformation,1,pipe15,4968,4968,0,0,4,4,2400.72,yes,yes,10.06,ok,25.64,ok,yes,yes,100.0,100.0,yes,no,no,1,yes,,file_not_found
9o1u.wasm,9o1u.wasm,mba_transformation,1,pipe17,4968,5031,0,0,4,4,2548.86,yes,yes,10.06,ok,94.94,ok,yes,yes,99.72,100.0,yes,no,no,1,yes,,file_not_found
2o1u.wasm,2o1u.wasm,add_sub_transformation,1,pipe13,4718,4718,0,0,4,4,2448.19,yes,yes,21.63,ok,31.71,ok,yes,yes,99.37,100.0,yes,no,no,1,yes,,file_not_found
2o1u.wasm,2o1u.wasm,offset_expansion,1,pipe16,4718,5651,0,0,4,4,2377.35,yes,yes,21.63,ok,197.27,ok,yes,yes,87.78,100.0,yes,no,no,1,yes,,file_not_found
8o1u.wasm,8o1u.wasm,nop_insertion,1,pipe9,4933,7387,0,0,4,4,3680.25,yes,yes,9.75,ok,17.63,ok,yes,yes,74.62,100.0,yes,no,no,1,yes,,file_not_found
8o2u.wasm,8o2u.wasm,constant_value_splitting,1,pipe18,4968,6938,0,0,4,4,3564.03,yes,yes,10.23,ok,63.75,ok,yes,yes,72.36,100.0,yes,no,no,1,yes,,file_not_found
8o2u.wasm,8o2u.wasm,constant_value_transformation,1,pipe19,4968,7613,0,0,4,4,3396.29,yes,yes,10.23,ok,50.41,ok,yes,yes,79.27,100.0,yes,no,no,1,yes,,file_not_found
9o1u.wasm,9o1u.wasm,direct_to_indirect,1,pipe12,4968,5139,0,51,4,4,3095.32,yes,yes,10.06,ok,35.68,ok,yes,yes,98.22,100.0,yes,no,no,1,yes,,file_not_found
2o1u.wasm,2o1u.wasm,constant_value_splitting,1,pipe18,4718,6644,0,0,4,4,2593.01,yes,yes,21.63,ok,115.14,ok,yes,yes,71.92,100.0,yes,no,no,1,yes,,file_not_found
4o2u.wasm,4o2u.wasm,import_insertion,1,pipe1,4828,4828,0,0,4,4,3106.3,yes,yes,13.23,ok,36.97,ok,yes,yes,100.0,100.0,yes,no,no,1,yes,,file_not_found
4o2u.wasm,4o2u.wasm,global_insertion,1,pipe4,4828,4828,0,0,4,4,3083.58,yes,yes,13.23,ok,17.04,ok,yes,yes,100.0,100.0,yes,no,no,1,yes,,file_not_found
4o2u.wasm,4o2u.wasm,function_sig_insertion,1,pipe0,4828,6015,0,0,4,4,2872.9,yes,yes,13.23,ok,173.6,ok,yes,yes,94.68,100.0,yes,no,no,1,yes,,file_not_found
4o2u.wasm,4o2u.wasm,data_insertion,1,pipe7,4828,4828,0,0,4,4,2826.51,yes,yes,13.23,ok,15.43,ok,yes,yes,100.0,100.0,yes,no,no,1,yes,,file_not_found
2o1u.wasm,2o1u.wasm,constant_value_transformation,1,pipe19,4718,7307,0,0,4,4,2684.38,yes,yes,21.63,ok,55.21,ok,yes,yes,78.99,100.0,yes,no,no,1,yes,,file_not_found
4o2u.wasm,4o2u.wasm,element_insertion,1,pipe5,4828,5474,0,0,4,4,2887.79,yes,yes,13.23,ok,36.71,ok,yes,yes,97.18,100.0,yes,no,no,1,yes,,file_not_found
9o1u.wasm,9o1u.wasm,function_body_cloning,1,pipe3,4968,9873,0,0,4,4,3130.92,yes,yes,10.06,ok,64.15,ok,yes,yes,65.35,100.0,yes,no,no,1,yes,,file_not_found
4o2u.wasm,4o2u.wasm,data_encryption,1,pipe8,4828,5131,0,0,4,4,3078.96,yes,yes,13.23,ok,13.27,ok,yes,yes,97.73,100.0,yes,no,no,1,yes,,file_not_found
4o2u.wasm,4o2u.wasm,export_insertion,1,pipe6,4828,8262,0,0,4,4,3106.92,yes,yes,13.23,ok,48.96,ok,yes,yes,96.07,100.0,yes,no,no,1,yes,,file_not_found
4o2u.wasm,4o2u.wasm,eqz_transformation,1,pipe15,4828,4828,0,0,4,4,2500.15,yes,yes,13.23,ok,68.26,ok,yes,yes,100.0,100.0,yes,no,no,1,yes,,file_not_found
4o2u.wasm,4o2u.wasm,shift_transformation,1,pipe14,4828,4828,0,0,4,4,2394.67,yes,yes,13.23,ok,32.05,ok,yes,yes,100.0,100.0,yes,no,no,1,yes,,file_not_found
9o1u.wasm,9o1u.wasm,add_sub_transformation,1,pipe13,4968,4968,0,0,4,4,2604.91,yes,yes,10.06,ok,16.97,ok,yes,yes,99.39,100.0,yes,no,no,1,yes,,file_not_found
4o2u.wasm,4o2u.wasm,mba_transformation,1,pipe17,4828,4891,0,0,4,4,2868.14,yes,yes,13.23,ok,15.03,ok,yes,yes,99.72,100.0,yes,no,no,1,yes,,file_not_found
8o1u.wasm,8o1u.wasm,function_insertion,1,pipe2,4933,28241,0,0,4,4,3644.35,yes,yes,9.75,ok,171.1,ok,yes,yes,29.07,100.0,yes,no,no,1,yes,,file_not_found
9o1u.wasm,9o1u.wasm,offset_expansion,1,pipe16,4968,5901,0,0,4,4,2485.68,yes,yes,10.06,ok,23.79,ok,yes,yes,88.11,100.0,yes,no,no,1,yes,,file_not_found
4o2u.wasm,4o2u.wasm,direct_to_indirect,1,pipe12,4828,4951,0,35,4,4,2733.85,yes,yes,13.23,ok,13.94,ok,yes,yes,98.38,100.0,yes,no,no,1,yes,,file_not_found
8o2u.wasm,8o2u.wasm,function_insertion,1,pipe2,4968,28728,0,0,4,4,3512.07,yes,yes,10.23,ok,101.83,ok,yes,yes,29.7,100.0,yes,no,no,1,yes,,file_not_found
8o2u.wasm,8o2u.wasm,nop_insertion,1,pipe9,4968,7441,0,0,4,4,3069.55,yes,yes,10.23,ok,16.37,ok,yes,yes,74.64,100.0,yes,no,no,1,yes,,file_not_found
4o2u.wasm,4o2u.wasm,function_body_cloning,1,pipe3,4828,9597,0,0,4,4,2798.79,yes,yes,13.23,ok,78.42,ok,yes,yes,64.7,100.0,yes,no,no,1,yes,,file_not_found
5o3u.wasm,5o3u.wasm,import_insertion,1,pipe1,4898,4898,0,0,4,4,3018.6,yes,yes,21.25,ok,12.74,ok,yes,yes,100.0,100.0,yes,no,no,1,yes,,file_not_found
5o3u.wasm,5o3u.wasm,global_insertion,1,pipe4,4898,4898,0,0,4,4,2892.52,yes,yes,21.25,ok,14.54,ok,yes,yes,100.0,100.0,yes,no,no,1,yes,,file_not_found
5o3u.wasm,5o3u.wasm,data_insertion,1,pipe7,4898,4898,0,0,4,4,2954.38,yes,yes,21.25,ok,19.73,ok,yes,yes,100.0,100.0,yes,no,no,1,yes,,file_not_found
5o3u.wasm,5o3u.wasm,element_insertion,1,pipe5,4898,5544,0,0,4,4,3027.5,yes,yes,21.25,ok,76.48,ok,yes,yes,97.2,100.0,yes,no,no,1,yes,,file_not_found
5o3u.wasm,5o3u.wasm,data_encryption,1,pipe8,4898,5201,0,0,4,4,2786.99,yes,yes,21.25,ok,38.32,ok,yes,yes,97.75,100.0,yes,no,no,1,yes,,file_not_found
4o2u.wasm,4o2u.wasm,add_sub_transformation,1,pipe13,4828,4828,0,0,4,4,2584.2,yes,yes,13.23,ok,99.68,ok,yes,yes,99.38,100.0,yes,no,no,1,yes,,file_not_found
5o3u.wasm,5o3u.wasm,function_sig_insertion,1,pipe0,4898,6100,0,0,4,4,3132.75,yes,yes,21.25,ok,143.92,ok,yes,yes,94.63,100.0,yes,no,no,1,yes,,file_not_found
5o3u.wasm,5o3u.wasm,export_insertion,1,pipe6,4898,8196,0,0,4,4,3320.19,yes,yes,21.25,ok,38.09,ok,yes,yes,96.19,100.0,yes,no,no,1,yes,,file_not_found
5o3u.wasm,5o3u.wasm,shift_transformation,1,pipe14,4898,4898,0,0,4,4,2310.07,yes,yes,21.25,ok,80.14,ok,yes,yes,100.0,100.0,yes,no,no,1,yes,,file_not_found
9o1u.wasm,9o1u.wasm,constant_value_splitting,1,pipe18,4968,6935,0,0,4,4,2459.42,yes,yes,10.06,ok,74.72,ok,yes,yes,72.42,100.0,yes,no,no,1,yes,,file_not_found
9o1u.wasm,9o1u.wasm,constant_value_transformation,1,pipe19,4968,7613,0,0,4,4,2910.51,yes,yes,10.06,ok,18.46,ok,yes,yes,79.27,100.0,yes,no,no,1,yes,,file_not_found
5o3u.wasm,5o3u.wasm,eqz_transformation,1,pipe15,4898,4898,0,0,4,4,2324.31,yes,yes,21.25,ok,110.62,ok,yes,yes,100.0,100.0,yes,no,no,1,yes,,file_not_found
5o3u.wasm,5o3u.wasm,mba_transformation,1,pipe17,4898,4961,0,0,4,4,2447.86,yes,yes,21.25,ok,142.71,ok,yes,yes,99.72,100.0,yes,no,no,1,yes,,file_not_found
4o2u.wasm,4o2u.wasm,offset_expansion,1,pipe16,4828,5761,0,0,4,4,2670.13,yes,yes,13.23,ok,80.76,ok,yes,yes,87.92,100.0,yes,no,no,1,yes,,file_not_found
2o1u.wasm,2o1u.wasm,nop_insertion,1,pipe9,4718,7057,0,0,4,4,2968.87,yes,yes,21.63,ok,27.74,ok,yes,yes,74.49,100.0,yes,no,no,1,yes,,file_not_found
5o3u.wasm,5o3u.wasm,direct_to_indirect,1,pipe12,4898,5045,0,43,4,4,2418.18,yes,yes,21.25,ok,50.16,ok,yes,yes,97.96,100.0,yes,no,no,1,yes,,file_not_found
9o1u.wasm,9o1u.wasm,function_insertion,1,pipe2,4968,25538,0,0,4,4,3490.66,yes,yes,10.06,ok,74.7,ok,yes,yes,32.63,100.0,yes,no,no,1,yes,,file_not_found
4o2u.wasm,4o2u.wasm,constant_value_splitting,1,pipe18,4828,6774,0,0,4,4,2732.14,yes,yes,13.23,ok,47.61,ok,yes,yes,72.16,100.0,yes,no,no,1,yes,,file_not_found
9o2u.wasm,9o2u.wasm,import_insertion,1,pipe1,5003,5003,0,0,4,4,2940.69,yes,yes,20.36,ok,24.88,ok,yes,yes,100.0,100.0,yes,no,no,1,yes,,file_not_found
4o2u.wasm,4o2u.wasm,constant_value_transformation,1,pipe19,4828,7441,0,0,4,4,2727.89,yes,yes,13.23,ok,18.4,ok,yes,yes,79.11,100.0,yes,no,no,1,yes,,file_not_found
9o2u.wasm,9o2u.wasm,global_insertion,1,pipe4,5003,5003,0,0,4,4,2977.18,yes,yes,20.36,ok,74.41,ok,yes,yes,100.0,100.0,yes,no,no,1,yes,,file_not_found
5o3u.wasm,5o3u.wasm,function_body_cloning,1,pipe3,4898,9735,0,0,4,4,2970.18,yes,yes,21.25,ok,118.6,ok,yes,yes,63.41,100.0,yes,no,no,1,yes,,file_not_found
9o2u.wasm,9o2u.wasm,function_sig_insertion,1,pipe0,5003,6219,0,0,4,4,2919.86,yes,yes,20.36,ok,65.6,ok,yes,yes,94.66,100.0,yes,no,no,1,yes,,file_not_found
5o3u.wasm,5o3u.wasm,function_insertion,1,pipe2,4898,29144,0,0,4,4,3393.39,yes,yes,21.25,ok,175.76,ok,yes,yes,34.37,100.0,yes,no,no,1,yes,,file_not_found
9o2u.wasm,9o2u.wasm,data_insertion,1,pipe7,5003,5003,0,0,4,4,2618.74,yes,yes,20.36,ok,22.08,ok,yes,yes,100.0,100.0,yes,no,no,1,yes,,file_not_found
9o2u.wasm,9o2u.wasm,data_encryption,1,pipe8,5003,5306,0,0,4,4,2850.33,yes,yes,20.36,ok,35.61,ok,yes,yes,97.78,100.0,yes,no,no,1,yes,,file_not_found
9o2u.wasm,9o2u.wasm,element_insertion,1,pipe5,5003,5649,0,0,4,4,2937.76,yes,yes,20.36,ok,42.02,ok,yes,yes,97.24,100.0,yes,no,no,1,yes,,file_not_found
5o3u.wasm,5o3u.wasm,add_sub_transformation,1,pipe13,4898,4898,0,0,4,4,2650.61,yes,yes,21.25,ok,107.83,ok,yes,yes,99.39,100.0,yes,no,no,1,yes,,file_not_found
9o2u.wasm,9o2u.wasm,export_insertion,1,pipe6,5003,8189,0,0,4,4,2933.5,yes,yes,20.36,ok,36.81,ok,yes,yes,96.28,100.0,yes,no,no,1,yes,,file_not_found
9o2u.wasm,9o2u.wasm,eqz_transformation,1,pipe15,5003,5003,0,0,4,4,2141.33,yes,yes,20.36,ok,85.91,ok,yes,yes,100.0,100.0,yes,no,no,1,yes,,file_not_found
5o3u.wasm,5o3u.wasm,offset_expansion,1,pipe16,4898,5831,0,0,4,4,2795.75,yes,yes,21.25,ok,35.21,ok,yes,yes,88.01,100.0,yes,no,no,1,yes,,file_not_found
9o2u.wasm,9o2u.wasm,shift_transformation,1,pipe14,5003,5003,0,0,4,4,2680.76,yes,yes,20.36,ok,111.75,ok,yes,yes,100.0,100.0,yes,no,no,1,yes,,file_not_found
9o1u.wasm,9o1u.wasm,nop_insertion,1,pipe9,4968,7441,0,0,4,4,3360.14,yes,yes,10.06,ok,72.5,ok,yes,yes,74.64,100.0,yes,no,no,1,yes,,file_not_found
9o2u.wasm,9o2u.wasm,mba_transformation,1,pipe17,5003,5066,0,0,4,4,2955.55,yes,yes,20.36,ok,39.35,ok,yes,yes,99.72,100.0,yes,no,no,1,yes,,file_not_found
9o2u.wasm,9o2u.wasm,direct_to_indirect,1,pipe12,5003,5186,0,55,4,4,2565.83,yes,yes,20.36,ok,65.54,ok,yes,yes,98.1,100.0,yes,no,no,1,yes,,file_not_found
6o2u.wasm,6o2u.wasm,import_insertion,1,pipe1,4898,4898,0,0,4,4,2528.74,yes,yes,11.14,ok,15.82,ok,yes,yes,100.0,100.0,yes,no,no,1,yes,,file_not_found
5o3u.wasm,5o3u.wasm,constant_value_splitting,1,pipe18,4898,6856,0,0,4,4,2693.86,yes,yes,21.25,ok,135.87,ok,yes,yes,72.34,100.0,yes,no,no,1,yes,,file_not_found
6o2u.wasm,6o2u.wasm,data_insertion,1,pipe7,4898,4898,0,0,4,4,2434.61,yes,yes,11.14,ok,22.24,ok,yes,yes,100.0,100.0,yes,no,no,1,yes,,file_not_found
6o2u.wasm,6o2u.wasm,global_insertion,1,pipe4,4898,4898,0,0,4,4,2635.41,yes,yes,11.14,ok,15.96,ok,yes,yes,100.0,100.0,yes,no,no,1,yes,,file_not_found
5o3u.wasm,5o3u.wasm,constant_value_transformation,1,pipe19,4898,7527,0,0,4,4,2992.24,yes,yes,21.25,ok,71.66,ok,yes,yes,79.19,100.0,yes,no,no,1,yes,,file_not_found
6o2u.wasm,6o2u.wasm,function_sig_insertion,1,pipe0,4898,6125,0,0,4,4,3152.55,yes,yes,11.14,ok,68.13,ok,yes,yes,94.55,100.0,yes,no,no,1,yes,,file_not_found
6o2u.wasm,6o2u.wasm,export_insertion,1,pipe6,4898,8256,0,0,4,4,2470.02,yes,yes,11.14,ok,41.01,ok,yes,yes,96.11,100.0,yes,no,no,1,yes,,file_not_found
6o2u.wasm,6o2u.wasm,element_insertion,1,pipe5,4898,5544,0,0,4,4,2723.16,yes,yes,11.14,ok,87.78,ok,yes,yes,97.2,100.0,yes,no,no,1,yes,,file_not_found
9o2u.wasm,9o2u.wasm,function_body_cloning,1,pipe3,5003,9942,0,0,4,4,2978.58,yes,yes,20.36,ok,74.35,ok,yes,yes,62.37,100.0,yes,no,no,1,yes,,file_not_found
4o2u.wasm,4o2u.wasm,nop_insertion,1,pipe9,4828,7225,0,0,4,4,3148.05,yes,yes,13.23,ok,18.13,ok,yes,yes,74.59,100.0,yes,no,no,1,yes,,file_not_found
6o2u.wasm,6o2u.wasm,data_encryption,1,pipe8,4898,5201,0,0,4,4,2697.18,yes,yes,11.14,ok,93.56,ok,yes,yes,97.75,100.0,yes,no,no,1,yes,,file_not_found
9o2u.wasm,9o2u.wasm,add_sub_transformation,1,pipe13,5003,5003,0,0,4,4,2580.45,yes,yes,20.36,ok,114.3,ok,yes,yes,99.39,100.0,yes,no,no,1,yes,,file_not_found
6o2u.wasm,6o2u.wasm,eqz_transformation,1,pipe15,4898,4898,0,0,4,4,2338.56,yes,yes,11.14,ok,14.97,ok,yes,yes,100.0,100.0,yes,no,no,1,yes,,file_not_found
6o2u.wasm,6o2u.wasm,shift_transformation,1,pipe14,4898,4898,0,0,4,4,3010.1,yes,yes,11.14,ok,16.34,ok,yes,yes,100.0,100.0,yes,no,no,1,yes,,file_not_found
6o2u.wasm,6o2u.wasm,direct_to_indirect,1,pipe12,4898,5045,0,43,4,4,2736.16,yes,yes,11.14,ok,31.95,ok,yes,yes,97.96,100.0,yes,no,no,1,yes,,file_not_found
6o2u.wasm,6o2u.wasm,mba_transformation,1,pipe17,4898,4961,0,0,4,4,2719.33,yes,yes,11.14,ok,15.35,ok,yes,yes,99.72,100.0,yes,no,no,1,yes,,file_not_found
9o2u.wasm,9o2u.wasm,offset_expansion,1,pipe16,5003,5936,0,0,4,4,2915.23,yes,yes,20.36,ok,58.44,ok,yes,yes,88.16,100.0,yes,no,no,1,yes,,file_not_found
4o2u.wasm,4o2u.wasm,function_insertion,1,pipe2,4828,28450,0,0,4,4,3030.45,yes,yes,13.23,ok,126.85,ok,yes,yes,26.8,100.0,yes,no,no,1,yes,,file_not_found
6o2u.wasm,6o2u.wasm,function_body_cloning,1,pipe3,4898,9735,0,0,4,4,2850.49,yes,yes,11.14,ok,41.63,ok,yes,yes,61.91,100.0,yes,no,no,1,yes,,file_not_found
3o2u.wasm,3o2u.wasm,import_insertion,1,pipe1,4793,4793,0,0,4,4,2807.13,yes,yes,10.47,ok,13.29,ok,yes,yes,100.0,100.0,yes,no,no,1,yes,,file_not_found
3o2u.wasm,3o2u.wasm,function_sig_insertion,1,pipe0,4793,5989,0,0,4,4,2423.94,yes,yes,10.47,ok,44.2,ok,yes,yes,94.58,100.0,yes,no,no,1,yes,,file_not_found
5o3u.wasm,5o3u.wasm,nop_insertion,1,pipe9,4898,7333,0,0,4,4,3071.41,yes,yes,21.25,ok,35.94,ok,yes,yes,74.61,100.0,yes,no,no,1,yes,,file_not_found
6o2u.wasm,6o2u.wasm,function_insertion,1,pipe2,4898,30028,0,0,4,4,3089.92,yes,yes,11.14,ok,96.84,ok,yes,yes,33.15,100.0,yes,no,no,1,yes,,file_not_found
9o2u.wasm,9o2u.wasm,constant_value_splitting,1,pipe18,5003,6979,0,0,4,4,2760.88,yes,yes,20.36,ok,91.42,ok,yes,yes,72.45,100.0,yes,no,no,1,yes,,file_not_found
3o2u.wasm,3o2u.wasm,data_insertion,1,pipe7,4793,4793,0,0,4,4,2850.61,yes,yes,10.47,ok,32.14,ok,yes,yes,100.0,100.0,yes,no,no,1,yes,,file_not_found
3o2u.wasm,3o2u.wasm,global_insertion,1,pipe4,4793,4793,0,0,4,4,2774.87,yes,yes,10.47,ok,28.81,ok,yes,yes,100.0,100.0,yes,no,no,1,yes,,file_not_found
3o2u.wasm,3o2u.wasm,data_encryption,1,pipe8,4793,5096,0,0,4,4,2360.07,yes,yes,10.47,ok,36.3,ok,yes,yes,97.72,100.0,yes,no,no,1,yes,,file_not_found
3o2u.wasm,3o2u.wasm,element_insertion,1,pipe5,4793,5439,0,0,4,4,2840.89,yes,yes,10.47,ok,27.22,ok,yes,yes,97.17,100.0,yes,no,no,1,yes,,file_not_found
9o2u.wasm,9o2u.wasm,constant_value_transformation,1,pipe19,5003,7656,0,0,4,4,2953.71,yes,yes,20.36,ok,40.54,ok,yes,yes,79.31,100.0,yes,no,no,1,yes,,file_not_found
3o2u.wasm,3o2u.wasm,export_insertion,1,pipe6,4793,7765,0,0,4,4,2983.15,yes,yes,10.47,ok,29.34,ok,yes,yes,96.34,100.0,yes,no,no,1,yes,,file_not_found
6o2u.wasm,6o2u.wasm,add_sub_transformation,1,pipe13,4898,4898,0,0,4,4,2861.26,yes,yes,11.14,ok,75.27,ok,yes,yes,99.39,100.0,yes,no,no,1,yes,,file_not_found
6o2u.wasm,6o2u.wasm,offset_expansion,1,pipe16,4898,5831,0,0,4,4,2697.1,yes,yes,11.14,ok,19.06,ok,yes,yes,88.01,100.0,yes,no,no,1,yes,,file_not_found
3o2u.wasm,3o2u.wasm,shift_transformation,1,pipe14,4793,4793,0,0,4,4,2590.65,yes,yes,10.47,ok,17.3,ok,yes,yes,100.0,100.0,yes,no,no,1,yes,,file_not_found
3o2u.wasm,3o2u.wasm,eqz_transformation,1,pipe15,4793,4793,0,0,4,4,2730.04,yes,yes,10.47,ok,38.73,ok,yes,yes,100.0,100.0,yes,no,no,1,yes,,file_not_found
3o2u.wasm,3o2u.wasm,direct_to_indirect,1,pipe12,4793,4904,0,31,4,4,2468.21,yes,yes,10.47,ok,48.47,ok,yes,yes,98.43,100.0,yes,no,no,1,yes,,file_not_found
3o2u.wasm,3o2u.wasm,mba_transformation,1,pipe17,4793,4856,0,0,4,4,2621.72,yes,yes,10.47,ok,68.0,ok,yes,yes,99.71,100.0,yes,no,no,1,yes,,file_not_found
6o2u.wasm,6o2u.wasm,constant_value_splitting,1,pipe18,4898,6853,0,0,4,4,2639.98,yes,yes,11.14,ok,33.58,ok,yes,yes,72.28,100.0,yes,no,no,1,yes,,file_not_found
3o2u.wasm,3o2u.wasm,function_body_cloning,1,pipe3,4793,9528,0,0,4,4,2597.52,yes,yes,10.47,ok,41.15,ok,yes,yes,64.47,100.0,yes,no,no,1,yes,,file_not_found
6o2u.wasm,6o2u.wasm,constant_value_transformation,1,pipe19,4898,7527,0,0,4,4,2427.46,yes,yes,11.14,ok,12.72,ok,yes,yes,79.19,100.0,yes,no,no,1,yes,,file_not_found
7o1u.wasm,7o1u.wasm,import_insertion,1,pipe1,4898,4898,0,0,4,4,2314.48,yes,yes,10.91,ok,38.28,ok,yes,yes,100.0,100.0,yes,no,no,1,yes,,file_not_found
3o2u.wasm,3o2u.wasm,add_sub_transformation,1,pipe13,4793,4793,0,0,4,4,2892.09,yes,yes,10.47,ok,23.0,ok,yes,yes,99.38,100.0,yes,no,no,1,yes,,file_not_found
9o2u.wasm,9o2u.wasm,nop_insertion,1,pipe9,5003,7495,0,0,4,4,2910.15,yes,yes,20.36,ok,37.53,ok,yes,yes,74.65,100.0,yes,no,no,1,yes,,file_not_found
7o1u.wasm,7o1u.wasm,function_sig_insertion,1,pipe0,4898,6032,0,0,4,4,2528.22,yes,yes,10.91,ok,100.7,ok,yes,yes,94.86,100.0,yes,no,no,1,yes,,file_not_found
7o1u.wasm,7o1u.wasm,global_insertion,1,pipe4,4898,4898,0,0,4,4,2786.02,yes,yes,10.91,ok,46.39,ok,yes,yes,100.0,100.0,yes,no,no,1,yes,,file_not_found
7o1u.wasm,7o1u.wasm,element_insertion,1,pipe5,4898,5544,0,0,4,4,2658.28,yes,yes,10.91,ok,36.25,ok,yes,yes,97.2,100.0,yes,no,no,1,yes,,file_not_found
3o2u.wasm,3o2u.wasm,offset_expansion,1,pipe16,4793,5726,0,0,4,4,2479.84,yes,yes,10.47,ok,13.11,ok,yes,yes,87.88,100.0,yes,no,no,1,yes,,file_not_found
7o1u.wasm,7o1u.wasm,data_insertion,1,pipe7,4898,4898,0,0,4,4,2274.24,yes,yes,10.91,ok,20.16,ok,yes,yes,100.0,100.0,yes,no,no,1,yes,,file_not_found
7o1u.wasm,7o1u.wasm,data_encryption,1,pipe8,4898,5201,0,0,4,4,2460.61,yes,yes,10.91,ok,85.65,ok,yes,yes,97.75,100.0,yes,no,no,1,yes,,file_not_found
7o1u.wasm,7o1u.wasm,export_insertion,1,pipe6,4898,7723,0,0,4,4,3201.76,yes,yes,10.91,ok,90.71,ok,yes,yes,96.48,100.0,yes,no,no,1,yes,,file_not_found
7o1u.wasm,7o1u.wasm,eqz_transformation,1,pipe15,4898,4898,0,0,4,4,2409.72,yes,yes,10.91,ok,15.55,ok,yes,yes,100.0,100.0,yes,no,no,1,yes,,file_not_found
7o1u.wasm,7o1u.wasm,shift_transformation,1,pipe14,4898,4898,0,0,4,4,2794.84,yes,yes,10.91,ok,14.94,ok,yes,yes,100.0,100.0,yes,no,no,1,yes,,file_not_found
7o1u.wasm,7o1u.wasm,mba_transformation,1,pipe17,4898,4961,0,0,4,4,2236.33,yes,yes,10.91,ok,15.81,ok,yes,yes,99.72,100.0,yes,no,no,1,yes,,file_not_found
3o2u.wasm,3o2u.wasm,constant_value_splitting,1,pipe18,4793,6734,0,0,4,4,3032.21,yes,yes,10.47,ok,63.76,ok,yes,yes,71.83,100.0,yes,no,no,1,yes,,file_not_found
7o1u.wasm,7o1u.wasm,function_body_cloning,1,pipe3,4898,9735,0,0,4,4,2765.65,yes,yes,10.91,ok,65.38,ok,yes,yes,63.91,100.0,yes,no,no,1,yes,,file_not_found
7o1u.wasm,7o1u.wasm,direct_to_indirect,1,pipe12,4898,5045,0,43,4,4,2693.16,yes,yes,10.91,ok,20.12,ok,yes,yes,97.96,100.0,yes,no,no,1,yes,,file_not_found
3o2u.wasm,3o2u.wasm,constant_value_transformation,1,pipe19,4793,7398,0,0,4,4,2334.13,yes,yes,10.47,ok,29.75,ok,yes,yes,79.08,100.0,yes,no,no,1,yes,,file_not_found
6o2u.wasm,6o2u.wasm,nop_insertion,1,pipe9,4898,7333,0,0,4,4,2973.87,yes,yes,11.14,ok,71.69,ok,yes,yes,74.61,100.0,yes,no,no,1,yes,,file_not_found
7o1u.wasm,7o1u.wasm,function_insertion,1,pipe2,4898,33288,0,0,4,4,2554.73,yes,yes,10.91,ok,101.27,ok,yes,yes,30.33,100.0,yes,no,no,1,yes,,file_not_found
3o2u.wasm,3o2u.wasm,function_insertion,1,pipe2,4793,38425,0,0,4,4,2804.39,yes,yes,10.47,ok,98.23,ok,yes,yes,26.45,100.0,yes,no,no,1,yes,,file_not_found
3o2u.wasm,3o2u.wasm,nop_insertion,1,pipe9,4793,7171,0,0,4,4,2687.97,yes,yes,10.47,ok,20.54,ok,yes,yes,74.59,100.0,yes,no,no,1,yes,,file_not_found
7o1u.wasm,7o1u.wasm,add_sub_transformation,1,pipe13,4898,4898,0,0,4,4,2821.77,yes,yes,10.91,ok,13.75,ok,yes,yes,99.39,100.0,yes,no,no,1,yes,,file_not_found
7o1u.wasm,7o1u.wasm,constant_value_transformation,1,pipe19,4898,7527,0,0,4,4,2175.88,yes,yes,10.91,ok,30.04,ok,yes,yes,79.19,100.0,yes,no,no,1,yes,,file_not_found
7o1u.wasm,7o1u.wasm,offset_expansion,1,pipe16,4898,5831,0,0,4,4,2645.19,yes,yes,10.91,ok,16.2,ok,yes,yes,88.01,100.0,yes,no,no,1,yes,,file_not_found
7o1u.wasm,7o1u.wasm,constant_value_splitting,1,pipe18,4898,6856,0,0,4,4,2324.35,yes,yes,10.91,ok,37.3,ok,yes,yes,72.32,100.0,yes,no,no,1,yes,,file_not_found
9o2u.wasm,9o2u.wasm,function_insertion,1,pipe2,5003,55040,0,0,4,4,3018.09,yes,yes,20.36,ok,175.61,ok,yes,yes,22.11,100.0,yes,no,no,1,yes,,file_not_found
7o1u.wasm,7o1u.wasm,nop_insertion,1,pipe9,4898,7333,0,0,4,4,2867.26,yes,yes,10.91,ok,29.14,ok,yes,yes,74.61,100.0,yes,no,no,1,yes,,file_not_found
2o1u.wasm,2o1u.wasm,function_insertion,1,pipe2,4718,33626,0,0,4,4,3631.77,yes,yes,21.63,ok,124.08,ok,yes,yes,13.54,100.0,yes,no,no,1,yes,,file_not_found
5o2u.wasm,5o2u.wasm,opaque_predicate_insertion,1,pipe11,4863,12947,0,0,4,4,4592.29,yes,yes,20.87,ok,55.6,ok,yes,yes,45.46,100.0,yes,no,no,1,yes,,file_not_found
7o3u.wasm,7o3u.wasm,opaque_predicate_insertion,1,pipe11,4968,12899,0,0,4,4,3582.6,yes,yes,20.16,ok,97.57,ok,yes,yes,45.79,100.0,yes,no,no,1,yes,,file_not_found
3o1u.wasm,3o1u.wasm,opaque_predicate_insertion,1,pipe11,4757,12892,0,0,4,4,3051.15,yes,yes,26.67,ok,120.44,ok,yes,yes,44.38,100.0,yes,no,no,1,yes,,file_not_found
4o1u.wasm,4o1u.wasm,opaque_predicate_insertion,1,pipe11,4793,12673,0,0,4,4,2952.34,yes,yes,10.25,ok,66.94,ok,yes,yes,45.4,100.0,yes,no,no,1,yes,,file_not_found
2o2u.wasm,2o2u.wasm,opaque_predicate_insertion,1,pipe11,4757,12841,0,0,4,4,3280.48,yes,yes,10.32,ok,43.39,ok,yes,yes,44.82,100.0,yes,no,no,1,yes,,file_not_found
8o1u.wasm,8o1u.wasm,opaque_predicate_insertion,1,pipe11,4933,12864,0,0,4,4,2854.03,yes,yes,9.75,ok,51.07,ok,yes,yes,46.0,100.0,yes,no,no,1,yes,,file_not_found
6o1u.wasm,6o1u.wasm,opaque_predicate_insertion,1,pipe11,4863,12794,0,0,4,4,2979.36,yes,yes,10.52,ok,59.1,ok,yes,yes,45.59,100.0,yes,no,no,1,yes,,file_not_found
4o2u.wasm,4o2u.wasm,opaque_predicate_insertion,1,pipe11,4828,12963,0,0,4,4,2638.37,yes,yes,13.23,ok,41.98,ok,yes,yes,44.92,100.0,yes,no,no,1,yes,,file_not_found
8o2u.wasm,8o2u.wasm,opaque_predicate_insertion,1,pipe11,4968,13001,0,0,4,4,2659.72,yes,yes,10.23,ok,104.45,ok,yes,yes,45.37,100.0,yes,no,no,1,yes,,file_not_found
4o3u.wasm,4o3u.wasm,opaque_predicate_insertion,1,pipe11,4863,13049,0,0,4,4,4059.18,yes,yes,10.6,ok,43.16,ok,yes,yes,44.86,100.0,yes,no,no,1,yes,,file_not_found
9o2u.wasm,9o2u.wasm,opaque_predicate_insertion,1,pipe11,5003,13036,0,0,4,4,2435.8,yes,yes,20.36,ok,105.99,ok,yes,yes,45.68,100.0,yes,no,no,1,yes,,file_not_found
5o3u.wasm,5o3u.wasm,opaque_predicate_insertion,1,pipe11,4898,12931,0,0,4,4,2539.01,yes,yes,21.25,ok,52.86,ok,yes,yes,45.54,100.0,yes,no,no,1,yes,,file_not_found
5o1u.wasm,5o1u.wasm,opaque_predicate_insertion,1,pipe11,4828,12861,0,0,4,4,5017.72,yes,yes,24.79,ok,196.58,ok,yes,yes,45.13,100.0,yes,no,no,1,yes,,file_not_found
9o1u.wasm,9o1u.wasm,opaque_predicate_insertion,1,pipe11,4968,12950,0,0,4,4,3103.5,yes,yes,10.06,ok,61.31,ok,yes,yes,45.88,100.0,yes,no,no,1,yes,,file_not_found
2o3u.wasm,2o3u.wasm,opaque_predicate_insertion,1,pipe11,4793,12928,0,0,4,4,4191.98,yes,yes,21.57,ok,215.92,ok,yes,yes,44.9,100.0,yes,no,no,1,yes,,file_not_found
7o2u.wasm,7o2u.wasm,opaque_predicate_insertion,1,pipe11,4933,12762,0,0,4,4,3161.77,yes,yes,21.54,ok,54.09,ok,yes,yes,46.15,100.0,yes,no,no,1,yes,,file_not_found
7o1u.wasm,7o1u.wasm,opaque_predicate_insertion,1,pipe11,4898,12931,0,0,4,4,1936.43,yes,yes,10.91,ok,115.15,ok,yes,yes,45.29,100.0,yes,no,no,1,yes,,file_not_found
3o3u.wasm,3o3u.wasm,opaque_predicate_insertion,1,pipe11,4828,12912,0,0,4,4,3255.67,yes,yes,10.18,ok,130.07,ok,yes,yes,44.97,100.0,yes,no,no,1,yes,,file_not_found
3o2u.wasm,3o2u.wasm,opaque_predicate_insertion,1,pipe11,4793,12673,0,0,4,4,2490.32,yes,yes,10.47,ok,49.89,ok,yes,yes,45.51,100.0,yes,no,no,1,yes,,file_not_found
6o3u.wasm,6o3u.wasm,opaque_predicate_insertion,1,pipe11,4933,12864,0,0,4,4,2954.26,yes,yes,10.64,ok,53.27,ok,yes,yes,45.79,100.0,yes,no,no,1,yes,,file_not_found
2o1u.wasm,2o1u.wasm,opaque_predicate_insertion,1,pipe11,4718,12955,0,0,4,4,2632.95,yes,yes,21.63,ok,51.0,ok,yes,yes,43.99,100.0,yes,no,no,1,yes,,file_not_found
6o2u.wasm,6o2u.wasm,opaque_predicate_insertion,1,pipe11,4898,12778,0,0,4,4,2476.04,yes,yes,11.14,ok,142.98,ok,yes,yes,45.98,100.0,yes,no,no,1,yes,,file_not_found
