sample,relpath,obfuscation_transformation,mutant_id,size_orig,size_obf,call_ind_orig,call_ind_obf,max_nesting_orig,max_nesting_obf,obf_time,valid_orig,valid_obf,run_time_orig,run_orig,run_time_obf,run_obf,disassembly_ok_orig,disassembly_ok_obf,wat_similarity,cfg_similarity,func_symbols_orig,func_symbols_obf,type_symbols_orig,type_symbols_obf,spec_valid_orig,spec_valid_obf,semantic_equivalence_bool,spec_violation_count,undefined_behavior_risk,spec_errors_orig,spec_errors_obf
5o1u.wasm,5o1u.wasm,eqz_transformation,mut15,4828,4828,0,0,4,4,3263.35,yes,yes,38.54,ok,36.03,err,yes,yes,100.0,100.0,1,1,7,7,yes,no,no,1,yes,,file_not_found
5o1u.wasm,5o1u.wasm,global_insertion,mut4,4828,4828,0,0,4,4,3382.81,yes,yes,38.54,ok,46.89,err,yes,yes,100.0,100.0,1,1,7,7,yes,no,no,1,yes,,file_not_found
5o1u.wasm,5o1u.wasm,import_insertion,mut1,4828,4828,0,0,4,4,3549.15,yes,yes,38.54,ok,32.74,err,yes,yes,100.0,100.0,1,1,7,7,yes,no,no,1,yes,,file_not_found
2o3u.wasm,2o3u.wasm,import_insertion,mut1,4793,4793,0,0,4,4,3554.99,yes,yes,38.27,ok,29.08,err,yes,yes,100.0,100.0,1,1,7,7,yes,no,no,1,yes,,file_not_found
2o3u.wasm,2o3u.wasm,global_insertion,mut4,4793,4793,0,0,4,4,3717.09,yes,yes,38.27,ok,38.06,err,yes,yes,100.0,100.0,1,1,7,7,yes,no,no,1,yes,,file_not_found
2o3u.wasm,2o3u.wasm,function_sig_insertion,mut0,4793,6009,0,0,4,4,3107.52,yes,yes,38.27,ok,69.83,err,yes,yes,94.57,100.0,1,1,7,7,yes,no,no,1,yes,,file_not_found
2o3u.wasm,2o3u.wasm,eqz_transformation,mut15,4793,4793,0,0,4,4,3800.72,yes,yes,38.27,ok,63.52,err,yes,yes,100.0,100.0,1,1,7,7,yes,no,no,1,yes,,file_not_found
2o3u.wasm,2o3u.wasm,shift_transformation,mut14,4793,4793,0,0,4,4,3694.2,yes,yes,38.27,ok,44.75,err,yes,yes,100.0,100.0,1,1,7,7,yes,no,no,1,yes,,file_not_found
5o2u.wasm,5o2u.wasm,import_insertion,mut1,4863,4863,0,0,4,4,3632.43,yes,yes,37.92,ok,43.31,err,yes,yes,100.0,100.0,1,1,7,7,yes,no,no,1,yes,,file_not_found
5o2u.wasm,5o2u.wasm,export_insertion,mut6,4863,7869,0,0,4,4,3364.19,yes,yes,37.92,ok,80.07,err,yes,yes,96.35,100.0,1,101,7,7,yes,no,no,1,yes,,file_not_found
5o1u.wasm,5o1u.wasm,element_insertion,mut5,4828,5474,0,0,4,4,3484.89,yes,yes,38.54,ok,58.16,err,yes,yes,97.18,100.0,1,1,7,7,yes,no,no,1,yes,,file_not_found
5o2u.wasm,5o2u.wasm,global_insertion,mut4,4863,4863,0,0,4,4,3768.6,yes,yes,37.92,ok,51.71,err,yes,yes,100.0,100.0,1,1,7,7,yes,no,no,1,yes,,file_not_found
2o3u.wasm,2o3u.wasm,data_encryption,mut8,4793,5096,0,0,4,4,3608.25,yes,yes,38.27,ok,66.93,err,yes,yes,97.72,100.0,1,1,7,9,yes,no,no,1,yes,,file_not_found
2o3u.wasm,2o3u.wasm,element_insertion,mut5,4793,5439,0,0,4,4,3369.93,yes,yes,38.27,ok,64.91,err,yes,yes,97.17,100.0,1,1,7,7,yes,no,no,1,yes,,file_not_found
5o2u.wasm,5o2u.wasm,element_insertion,mut5,4863,5509,0,0,4,4,3760.04,yes,yes,37.92,ok,92.43,err,yes,yes,97.19,100.0,1,1,7,7,yes,no,no,1,yes,,file_not_found
5o2u.wasm,5o2u.wasm,eqz_transformation,mut15,4863,4863,0,0,4,4,3703.41,yes,yes,37.92,ok,35.63,err,yes,yes,100.0,100.0,1,1,7,7,yes,no,no,1,yes,,file_not_found
5o2u.wasm,5o2u.wasm,shift_transformation,mut14,4863,4863,0,0,4,4,3851.84,yes,yes,37.92,ok,40.39,err,yes,yes,100.0,100.0,1,1,7,7,yes,no,no,1,yes,,file_not_found
5o2u.wasm,5o2u.wasm,data_encryption,mut8,4863,5166,0,0,4,4,3700.84,yes,yes,37.92,ok,98.2,err,yes,yes,97.74,100.0,1,1,7,9,yes,no,no,1,yes,,file_not_found
5o1u.wasm,5o1u.wasm,data_encryption,mut8,4828,5131,0,0,4,4,3709.18,yes,yes,38.54,ok,91.01,err,yes,yes,97.73,100.0,1,1,7,9,yes,no,no,1,yes,,file_not_found
5o1u.wasm,5o1u.wasm,shift_transformation,mut14,4828,4828,0,0,4,4,3772.62,yes,yes,38.54,ok,40.61,err,yes,yes,100.0,100.0,1,1,7,7,yes,no,no,1,yes,,file_not_found
2o3u.wasm,2o3u.wasm,mba_transformation,mut17,4793,4856,0,0,4,4,3779.85,yes,yes,38.27,ok,85.82,err,yes,yes,99.71,100.0,1,1,7,7,yes,no,no,1,yes,,file_not_found
5o2u.wasm,5o2u.wasm,mba_transformation,mut17,4863,4926,0,0,4,4,3711.11,yes,yes,37.92,ok,85.02,err,yes,yes,99.72,100.0,1,1,7,7,yes,no,no,1,yes,,file_not_found
2o3u.wasm,2o3u.wasm,data_insertion,mut7,4793,4793,0,0,4,4,3814.06,yes,yes,38.27,ok,36.95,err,yes,yes,100.0,100.0,1,1,7,7,yes,no,no,1,yes,,file_not_found
4o3u.wasm,4o3u.wasm,import_insertion,mut1,4863,4863,0,0,4,4,3862.1,yes,yes,20.11,ok,48.45,err,yes,yes,100.0,100.0,1,1,7,7,yes,no,no,1,yes,,file_not_found
5o1u.wasm,5o1u.wasm,data_insertion,mut7,4828,4828,0,0,4,4,3776.49,yes,yes,38.54,ok,43.69,err,yes,yes,100.0,100.0,1,1,7,7,yes,no,no,1,yes,,file_not_found
5o2u.wasm,5o2u.wasm,data_insertion,mut7,4863,4863,0,0,4,4,3796.06,yes,yes,37.92,ok,30.07,err,yes,yes,100.0,100.0,1,1,7,7,yes,no,no,1,yes,,file_not_found
5o1u.wasm,5o1u.wasm,mba_transformation,mut17,4828,4891,0,0,4,4,3851.64,yes,yes,38.54,ok,58.83,err,yes,yes,99.72,100.0,1,1,7,7,yes,no,no,1,yes,,file_not_found
2o3u.wasm,2o3u.wasm,export_insertion,mut6,4793,7914,0,0,4,4,3928.85,yes,yes,38.27,ok,70.18,err,yes,yes,96.23,100.0,1,101,7,7,yes,no,no,1,yes,,file_not_found
5o1u.wasm,5o1u.wasm,function_sig_insertion,mut0,4828,6074,0,0,4,4,3680.13,yes,yes,38.54,ok,91.12,err,yes,yes,94.49,100.0,1,1,7,7,yes,no,no,1,yes,,file_not_found
5o2u.wasm,5o2u.wasm,function_sig_insertion,mut0,4863,6082,0,0,4,4,3724.89,yes,yes,37.92,ok,89.14,err,yes,yes,94.59,100.0,1,1,7,7,yes,no,no,1,yes,,file_not_found
5o1u.wasm,5o1u.wasm,export_insertion,mut6,4828,8203,0,0,4,4,4001.87,yes,yes,38.54,ok,70.77,err,yes,yes,96.08,100.0,1,101,7,7,yes,no,no,1,yes,,file_not_found
4o3u.wasm,4o3u.wasm,function_sig_insertion,mut0,4863,6097,0,0,4,4,3779.61,yes,yes,20.11,ok,89.64,err,yes,yes,94.54,100.0,1,1,7,7,yes,no,no,1,yes,,file_not_found
2o3u.wasm,2o3u.wasm,direct_to_indirect,mut12,4793,4904,0,31,4,4,3179.35,yes,yes,38.27,ok,76.68,err,yes,yes,98.43,100.0,1,1,7,38,yes,no,no,1,yes,,file_not_found
5o2u.wasm,5o2u.wasm,direct_to_indirect,mut12,4863,4998,0,39,4,4,3606.74,yes,yes,37.92,ok,87.54,err,yes,yes,98.13,100.0,1,1,7,46,yes,no,no,1,yes,,file_not_found
4o3u.wasm,4o3u.wasm,global_insertion,mut4,4863,4863,0,0,4,4,3477.28,yes,yes,20.11,ok,29.93,err,yes,yes,100.0,100.0,1,1,7,7,yes,no,no,1,yes,,file_not_found
5o1u.wasm,5o1u.wasm,direct_to_indirect,mut12,4828,4951,0,35,4,4,3863.32,yes,yes,38.54,ok,116.82,err,yes,yes,98.38,100.0,1,1,7,42,yes,no,no,1,yes,,file_not_found
3o1u.wasm,3o1u.wasm,data_encryption,mut8,4757,5060,0,0,4,4,2132.02,yes,yes,32.86,ok,75.1,err,yes,yes,97.71,100.0,1,1,7,9,yes,no,no,1,yes,,file_not_found
4o3u.wasm,4o3u.wasm,mba_transformation,mut17,4863,4926,0,0,4,4,3068.49,yes,yes,20.11,ok,143.79,err,yes,yes,99.72,100.0,1,1,7,7,yes,no,no,1,yes,,file_not_found
4o3u.wasm,4o3u.wasm,data_insertion,mut7,4863,4863,0,0,4,4,3764.63,yes,yes,20.11,ok,29.68,err,yes,yes,100.0,100.0,1,1,7,7,yes,no,no,1,yes,,file_not_found
4o3u.wasm,4o3u.wasm,eqz_transformation,mut15,4863,4863,0,0,4,4,3627.12,yes,yes,20.11,ok,24.49,err,yes,yes,100.0,100.0,1,1,7,7,yes,no,no,1,yes,,file_not_found
3o1u.wasm,3o1u.wasm,import_insertion,mut1,4757,4757,0,0,4,4,3437.81,yes,yes,32.86,ok,39.81,err,yes,yes,100.0,100.0,1,1,7,7,yes,no,no,1,yes,,file_not_found
4o3u.wasm,4o3u.wasm,data_encryption,mut8,4863,5166,0,0,4,4,4175.89,yes,yes,20.11,ok,92.79,err,yes,yes,97.74,100.0,1,1,7,9,yes,no,no,1,yes,,file_not_found
4o3u.wasm,4o3u.wasm,export_insertion,mut6,4863,7811,0,0,4,4,3970.34,yes,yes,20.11,ok,63.77,err,yes,yes,96.42,100.0,1,99,7,7,yes,no,no,1,yes,,file_not_found
4o3u.wasm,4o3u.wasm,shift_transformation,mut14,4863,4863,0,0,4,4,3977.74,yes,yes,20.11,ok,25.26,err,yes,yes,100.0,100.0,1,1,7,7,yes,no,no,1,yes,,file_not_found
3o1u.wasm,3o1u.wasm,data_insertion,mut7,4757,4757,0,0,4,4,3329.89,yes,yes,32.86,ok,89.59,err,yes,yes,100.0,100.0,1,1,7,7,yes,no,no,1,yes,,file_not_found
4o3u.wasm,4o3u.wasm,element_insertion,mut5,4863,5509,0,0,4,4,4332.17,yes,yes,20.11,ok,57.55,err,yes,yes,97.19,100.0,1,1,7,7,yes,no,no,1,yes,,file_not_found
3o1u.wasm,3o1u.wasm,element_insertion,mut5,4757,5403,0,0,4,4,3236.15,yes,yes,32.86,ok,49.77,err,yes,yes,97.16,100.0,1,1,7,7,yes,no,no,1,yes,,file_not_found
3o1u.wasm,3o1u.wasm,global_insertion,mut4,4757,4757,0,0,4,4,3542.48,yes,yes,32.86,ok,49.8,err,yes,yes,100.0,100.0,1,1,7,7,yes,no,no,1,yes,,file_not_found
3o1u.wasm,3o1u.wasm,shift_transformation,mut14,4757,4757,0,0,4,4,2439.07,yes,yes,32.86,ok,49.4,err,yes,yes,100.0,100.0,1,1,7,7,yes,no,no,1,yes,,file_not_found
3o1u.wasm,3o1u.wasm,eqz_transformation,mut15,4757,4757,0,0,4,4,2717.66,yes,yes,32.86,ok,82.15,err,yes,yes,100.0,100.0,1,1,7,7,yes,no,no,1,yes,,file_not_found
3o1u.wasm,3o1u.wasm,export_insertion,mut6,4757,7686,0,0,4,4,3676.43,yes,yes,32.86,ok,210.76,err,yes,yes,96.36,100.0,1,101,7,7,yes,no,no,1,yes,,file_not_found
3o1u.wasm,3o1u.wasm,function_sig_insertion,mut0,4757,5969,0,0,4,4,3648.48,yes,yes,32.86,ok,178.83,err,yes,yes,94.5,100.0,1,1,7,7,yes,no,no,1,yes,,file_not_found
5o2u.wasm,5o2u.wasm,function_body_cloning,mut3,4863,9666,0,0,4,4,3890.07,yes,yes,37.92,ok,100.21,err,yes,yes,61.39,100.0,1,1,7,14,yes,no,no,1,yes,,file_not_found
2o3u.wasm,2o3u.wasm,function_body_cloning,mut3,4793,9528,0,0,4,4,3599.93,yes,yes,38.27,ok,88.29,err,yes,yes,63.39,100.0,1,1,7,14,yes,no,no,1,yes,,file_not_found
5o1u.wasm,5o1u.wasm,add_sub_transformation,mut13,4828,4828,0,0,4,4,3677.69,yes,yes,38.54,ok,95.96,err,yes,yes,99.38,100.0,1,1,7,7,yes,no,no,1,yes,,file_not_found
5o2u.wasm,5o2u.wasm,offset_expansion,mut16,4863,5796,0,0,4,4,3556.34,yes,yes,37.92,ok,73.48,err,yes,yes,87.97,100.0,1,1,7,7,yes,no,no,1,yes,,file_not_found
3o1u.wasm,3o1u.wasm,mba_transformation,mut17,4757,4820,0,0,4,4,3014.85,yes,yes,32.86,ok,214.14,err,yes,yes,99.71,100.0,1,1,7,7,yes,no,no,1,yes,,file_not_found
2o3u.wasm,2o3u.wasm,offset_expansion,mut16,4793,5726,0,0,4,4,3113.09,yes,yes,38.27,ok,69.8,err,yes,yes,87.88,100.0,1,1,7,7,yes,no,no,1,yes,,file_not_found
4o3u.wasm,4o3u.wasm,direct_to_indirect,mut12,4863,4998,0,39,4,4,3932.14,yes,yes,20.11,ok,91.19,err,yes,yes,98.13,100.0,1,1,7,46,yes,no,no,1,yes,,file_not_found
5o1u.wasm,5o1u.wasm,offset_expansion,mut16,4828,5761,0,0,4,4,3494.89,yes,yes,38.54,ok,62.68,err,yes,yes,87.92,100.0,1,1,7,7,yes,no,no,1,yes,,file_not_found
5o1u.wasm,5o1u.wasm,function_body_cloning,mut3,4828,9597,0,0,4,4,3616.33,yes,yes,38.54,ok,75.96,err,yes,yes,66.4,100.0,1,1,7,14,yes,no,no,1,yes,,file_not_found
5o2u.wasm,5o2u.wasm,add_sub_transformation,mut13,4863,4863,0,0,4,4,3719.76,yes,yes,37.92,ok,68.63,err,yes,yes,99.38,100.0,1,1,7,7,yes,no,no,1,yes,,file_not_found
3o3u.wasm,3o3u.wasm,import_insertion,mut1,4828,4828,0,0,4,4,3108.34,yes,yes,16.58,ok,29.32,err,yes,yes,100.0,100.0,1,1,7,7,yes,no,no,1,yes,,file_not_found
2o3u.wasm,2o3u.wasm,add_sub_transformation,mut13,4793,4793,0,0,4,4,3799.71,yes,yes,38.27,ok,96.94,err,yes,yes,99.38,100.0,1,1,7,7,yes,no,no,1,yes,,file_not_found
4o3u.wasm,4o3u.wasm,function_body_cloning,mut3,4863,9666,0,0,4,4,3681.32,yes,yes,20.11,ok,92.37,err,yes,yes,65.15,100.0,1,1,7,14,yes,no,no,1,yes,,file_not_found
3o1u.wasm,3o1u.wasm,direct_to_indirect,mut12,4757,4857,0,27,4,4,2899.68,yes,yes,32.86,ok,121.79,err,yes,yes,98.73,100.0,1,1,7,34,yes,no,no,1,yes,,file_not_found
3o3u.wasm,3o3u.wasm,function_sig_insertion,mut0,4828,6077,0,0,4,4,3098.37,yes,yes,16.58,ok,60.15,err,yes,yes,94.45,100.0,1,1,7,7,yes,no,no,1,yes,,file_not_found
3o3u.wasm,3o3u.wasm,data_encryption,mut8,4828,5131,0,0,4,4,2974.16,yes,yes,16.58,ok,47.38,err,yes,yes,97.73,100.0,1,1,7,9,yes,no,no,1,yes,,file_not_found
3o3u.wasm,3o3u.wasm,element_insertion,mut5,4828,5474,0,0,4,4,3074.15,yes,yes,16.58,ok,261.76,err,yes,yes,97.18,100.0,1,1,7,7,yes,no,no,1,yes,,file_not_found
3o3u.wasm,3o3u.wasm,data_insertion,mut7,4828,4828,0,0,4,4,2926.51,yes,yes,16.58,ok,187.6,err,yes,yes,100.0,100.0,1,1,7,7,yes,no,no,1,yes,,file_not_found
3o3u.wasm,3o3u.wasm,global_insertion,mut4,4828,4828,0,0,4,4,3254.16,yes,yes,16.58,ok,123.02,err,yes,yes,100.0,100.0,1,1,7,7,yes,no,no,1,yes,,file_not_found
3o3u.wasm,3o3u.wasm,export_insertion,mut6,4828,7459,0,0,4,4,3518.65,yes,yes,16.58,ok,199.01,err,yes,yes,96.6,100.0,1,101,7,7,yes,no,no,1,yes,,file_not_found
3o3u.wasm,3o3u.wasm,shift_transformation,mut14,4828,4828,0,0,4,4,2826.06,yes,yes,16.58,ok,22.09,err,yes,yes,100.0,100.0,1,1,7,7,yes,no,no,1,yes,,file_not_found
3o3u.wasm,3o3u.wasm,eqz_transformation,mut15,4828,4828,0,0,4,4,3075.92,yes,yes,16.58,ok,70.53,err,yes,yes,100.0,100.0,1,1,7,7,yes,no,no,1,yes,,file_not_found
4o3u.wasm,4o3u.wasm,add_sub_transformation,mut13,4863,4863,0,0,4,4,3424.52,yes,yes,20.11,ok,97.2,err,yes,yes,99.38,100.0,1,1,7,7,yes,no,no,1,yes,,file_not_found
5o2u.wasm,5o2u.wasm,constant_value_splitting,mut18,4863,6815,0,0,4,4,3695.26,yes,yes,37.92,ok,102.79,err,yes,yes,72.17,100.0,1,1,7,7,yes,no,no,1,yes,,file_not_found
2o3u.wasm,2o3u.wasm,constant_value_splitting,mut18,4793,6731,0,0,4,4,3754.84,yes,yes,38.27,ok,135.44,err,yes,yes,71.88,100.0,1,1,7,7,yes,no,no,1,yes,,file_not_found
5o1u.wasm,5o1u.wasm,constant_value_splitting,mut18,4828,6774,0,0,4,4,3858.85,yes,yes,38.54,ok,91.94,err,yes,yes,72.1,100.0,1,1,7,7,yes,no,no,1,yes,,file_not_found
3o3u.wasm,3o3u.wasm,mba_transformation,mut17,4828,4891,0,0,4,4,2783.58,yes,yes,16.58,ok,71.16,err,yes,yes,99.72,100.0,1,1,7,7,yes,no,no,1,yes,,file_not_found
4o3u.wasm,4o3u.wasm,offset_expansion,mut16,4863,5796,0,0,4,4,3752.11,yes,yes,20.11,ok,53.33,err,yes,yes,87.97,100.0,1,1,7,7,yes,no,no,1,yes,,file_not_found
7o2u.wasm,7o2u.wasm,import_insertion,mut1,4933,4933,0,0,4,4,3771.86,yes,yes,41.91,ok,32.28,err,yes,yes,100.0,100.0,1,1,7,7,yes,no,no,1,yes,,file_not_found
5o1u.wasm,5o1u.wasm,constant_value_transformation,mut19,4828,7441,0,0,4,4,3785.33,yes,yes,38.54,ok,96.66,err,yes,yes,79.11,100.0,1,1,7,7,yes,no,no,1,yes,,file_not_found
3o1u.wasm,3o1u.wasm,add_sub_transformation,mut13,4757,4757,0,0,4,4,2593.38,yes,yes,32.86,ok,180.82,err,yes,yes,99.38,100.0,1,1,7,7,yes,no,no,1,yes,,file_not_found
3o1u.wasm,3o1u.wasm,function_body_cloning,mut3,4757,9457,0,0,4,4,3620.02,yes,yes,32.86,ok,107.35,err,yes,yes,64.77,100.0,1,1,7,14,yes,no,no,1,yes,,file_not_found
7o2u.wasm,7o2u.wasm,function_sig_insertion,mut0,4933,6184,0,0,4,4,3475.42,yes,yes,41.91,ok,201.69,err,yes,yes,94.48,100.0,1,1,7,7,yes,no,no,1,yes,,file_not_found
5o2u.wasm,5o2u.wasm,constant_value_transformation,mut19,4863,7484,0,0,4,4,3085.26,yes,yes,37.92,ok,79.17,err,yes,yes,79.15,100.0,1,1,7,7,yes,no,no,1,yes,,file_not_found
7o2u.wasm,7o2u.wasm,data_insertion,mut7,4933,4933,0,0,4,4,3174.88,yes,yes,41.91,ok,73.42,err,yes,yes,100.0,100.0,1,1,7,7,yes,no,no,1,yes,,file_not_found
3o3u.wasm,3o3u.wasm,direct_to_indirect,mut12,4828,4951,0,35,4,4,3052.76,yes,yes,16.58,ok,128.11,err,yes,yes,98.38,100.0,1,1,7,42,yes,no,no,1,yes,,file_not_found
7o2u.wasm,7o2u.wasm,export_insertion,mut6,4933,8117,0,0,4,4,2973.91,yes,yes,41.91,ok,132.87,err,yes,yes,96.25,100.0,1,101,7,7,yes,no,no,1,yes,,file_not_found
2o3u.wasm,2o3u.wasm,constant_value_transformation,mut19,4793,7398,0,0,4,4,3792.07,yes,yes,38.27,ok,80.25,err,yes,yes,79.08,100.0,1,1,7,7,yes,no,no,1,yes,,file_not_found
7o2u.wasm,7o2u.wasm,data_encryption,mut8,4933,5236,0,0,4,4,3238.4,yes,yes,41.91,ok,142.72,err,yes,yes,97.76,100.0,1,1,7,9,yes,no,no,1,yes,,file_not_found
7o2u.wasm,7o2u.wasm,global_insertion,mut4,4933,4933,0,0,4,4,3786.89,yes,yes,41.91,ok,38.13,err,yes,yes,100.0,100.0,1,1,7,7,yes,no,no,1,yes,,file_not_found
3o1u.wasm,3o1u.wasm,offset_expansion,mut16,4757,5690,0,0,4,4,2582.83,yes,yes,32.86,ok,171.92,err,yes,yes,87.83,100.0,1,1,7,7,yes,no,no,1,yes,,file_not_found
7o2u.wasm,7o2u.wasm,element_insertion,mut5,4933,5579,0,0,4,4,3497.75,yes,yes,41.91,ok,105.72,err,yes,yes,97.22,100.0,1,1,7,7,yes,no,no,1,yes,,file_not_found
7o2u.wasm,7o2u.wasm,eqz_transformation,mut15,4933,4933,0,0,4,4,3095.29,yes,yes,41.91,ok,58.8,err,yes,yes,100.0,100.0,1,1,7,7,yes,no,no,1,yes,,file_not_found
7o2u.wasm,7o2u.wasm,shift_transformation,mut14,4933,4933,0,0,4,4,3197.02,yes,yes,41.91,ok,50.95,err,yes,yes,100.0,100.0,1,1,7,7,yes,no,no,1,yes,,file_not_found
7o2u.wasm,7o2u.wasm,mba_transformation,mut17,4933,4996,0,0,4,4,2881.07,yes,yes,41.91,ok,168.76,err,yes,yes,99.72,100.0,1,1,7,7,yes,no,no,1,yes,,file_not_found
7o2u.wasm,7o2u.wasm,direct_to_indirect,mut12,4933,5092,0,47,4,4,2573.23,yes,yes,41.91,ok,72.57,err,yes,yes,97.8,100.0,1,1,7,54,yes,no,no,1,yes,,file_not_found
2o2u.wasm,2o2u.wasm,import_insertion,mut1,4757,4757,0,0,4,4,3210.45,yes,yes,19.86,ok,31.62,err,yes,yes,100.0,100.0,1,1,7,7,yes,no,no,1,yes,,file_not_found
3o3u.wasm,3o3u.wasm,function_body_cloning,mut3,4828,9597,0,0,4,4,2859.94,yes,yes,16.58,ok,171.42,err,yes,yes,63.45,100.0,1,1,7,14,yes,no,no,1,yes,,file_not_found
4o3u.wasm,4o3u.wasm,constant_value_splitting,mut18,4863,6814,0,0,4,4,3698.47,yes,yes,20.11,ok,81.93,err,yes,yes,72.2,100.0,1,1,7,7,yes,no,no,1,yes,,file_not_found
2o2u.wasm,2o2u.wasm,global_insertion,mut4,4757,4757,0,0,4,4,3140.01,yes,yes,19.86,ok,22.26,err,yes,yes,100.0,100.0,1,1,7,7,yes,no,no,1,yes,,file_not_found
2o2u.wasm,2o2u.wasm,function_sig_insertion,mut0,4757,5945,0,0,4,4,2694.05,yes,yes,19.86,ok,191.04,err,yes,yes,94.63,100.0,1,1,7,7,yes,no,no,1,yes,,file_not_found
2o2u.wasm,2o2u.wasm,element_insertion,mut5,4757,5403,0,0,4,4,2742.95,yes,yes,19.86,ok,50.73,err,yes,yes,97.16,100.0,1,1,7,7,yes,no,no,1,yes,,file_not_found
2o2u.wasm,2o2u.wasm,data_insertion,mut7,4757,4757,0,0,4,4,3056.64,yes,yes,19.86,ok,53.22,err,yes,yes,100.0,100.0,1,1,7,7,yes,no,no,1,yes,,file_not_found
2o2u.wasm,2o2u.wasm,eqz_transformation,mut15,4757,4757,0,0,4,4,2893.42,yes,yes,19.86,ok,22.57,err,yes,yes,100.0,100.0,1,1,7,7,yes,no,no,1,yes,,file_not_found
2o2u.wasm,2o2u.wasm,export_insertion,mut6,4757,7877,0,0,4,4,2998.29,yes,yes,19.86,ok,84.97,err,yes,yes,96.21,100.0,1,101,7,7,yes,no,no,1,yes,,file_not_found
2o2u.wasm,2o2u.wasm,data_encryption,mut8,4757,5060,0,0,4,4,2995.53,yes,yes,19.86,ok,50.46,err,yes,yes,97.71,100.0,1,1,7,9,yes,no,no,1,yes,,file_not_found
4o3u.wasm,4o3u.wasm,constant_value_transformation,mut19,4863,7484,0,0,4,4,4024.44,yes,yes,20.11,ok,46.91,err,yes,yes,79.15,100.0,1,1,7,7,yes,no,no,1,yes,,file_not_found
2o2u.wasm,2o2u.wasm,shift_transformation,mut14,4757,4757,0,0,4,4,2626.73,yes,yes,19.86,ok,29.38,err,yes,yes,100.0,100.0,1,1,7,7,yes,no,no,1,yes,,file_not_found
2o2u.wasm,2o2u.wasm,mba_transformation,mut17,4757,4820,0,0,4,4,2840.73,yes,yes,19.86,ok,58.13,err,yes,yes,99.71,100.0,1,1,7,7,yes,no,no,1,yes,,file_not_found
3o3u.wasm,3o3u.wasm,add_sub_transformation,mut13,4828,4828,0,0,4,4,3447.5,yes,yes,16.58,ok,99.36,err,yes,yes,99.38,100.0,1,1,7,7,yes,no,no,1,yes,,file_not_found
3o3u.wasm,3o3u.wasm,offset_expansion,mut16,4828,5761,0,0,4,4,2734.0,yes,yes,16.58,ok,22.36,err,yes,yes,87.92,100.0,1,1,7,7,yes,no,no,1,yes,,file_not_found
3o1u.wasm,3o1u.wasm,constant_value_splitting,mut18,4757,6692,0,0,4,4,3548.09,yes,yes,32.86,ok,57.26,err,yes,yes,71.96,100.0,1,1,7,7,yes,no,no,1,yes,,file_not_found
4o3u.wasm,4o3u.wasm,function_insertion,mut2,4863,38659,0,0,4,4,3247.41,yes,yes,20.11,ok,113.25,err,yes,yes,23.54,100.0,1,1,7,107,yes,no,no,1,yes,,file_not_found
6o3u.wasm,6o3u.wasm,import_insertion,mut1,4933,4933,0,0,4,4,2706.04,yes,yes,19.15,ok,29.35,err,yes,yes,100.0,100.0,1,1,7,7,yes,no,no,1,yes,,file_not_found
2o2u.wasm,2o2u.wasm,direct_to_indirect,mut12,4757,4857,0,27,4,4,2734.5,yes,yes,19.86,ok,128.88,err,yes,yes,98.73,100.0,1,1,7,34,yes,no,no,1,yes,,file_not_found
6o3u.wasm,6o3u.wasm,function_sig_insertion,mut0,4933,6149,0,0,4,4,2584.71,yes,yes,19.15,ok,169.71,err,yes,yes,94.63,100.0,1,1,7,7,yes,no,no,1,yes,,file_not_found
6o3u.wasm,6o3u.wasm,global_insertion,mut4,4933,4933,0,0,4,4,2734.17,yes,yes,19.15,ok,32.93,err,yes,yes,100.0,100.0,1,1,7,7,yes,no,no,1,yes,,file_not_found
7o2u.wasm,7o2u.wasm,function_body_cloning,mut3,4933,9804,0,0,4,4,3497.25,yes,yes,41.91,ok,106.95,err,yes,yes,62.17,100.0,1,1,7,14,yes,no,no,1,yes,,file_not_found
6o3u.wasm,6o3u.wasm,export_insertion,mut6,4933,8320,0,0,4,4,2822.66,yes,yes,19.15,ok,121.92,err,yes,yes,96.12,100.0,1,101,7,7,yes,no,no,1,yes,,file_not_found
6o3u.wasm,6o3u.wasm,data_insertion,mut7,4933,4933,0,0,4,4,2852.34,yes,yes,19.15,ok,29.84,err,yes,yes,100.0,100.0,1,1,7,7,yes,no,no,1,yes,,file_not_found
3o1u.wasm,3o1u.wasm,constant_value_transformation,mut19,4757,7355,0,0,4,4,3325.07,yes,yes,32.86,ok,73.65,err,yes,yes,79.04,100.0,1,1,7,7,yes,no,no,1,yes,,file_not_found
6o3u.wasm,6o3u.wasm,element_insertion,mut5,4933,5579,0,0,4,4,3313.86,yes,yes,19.15,ok,219.07,err,yes,yes,97.22,100.0,1,1,7,7,yes,no,no,1,yes,,file_not_found
6o3u.wasm,6o3u.wasm,data_encryption,mut8,4933,5236,0,0,4,4,3058.97,yes,yes,19.15,ok,54.6,err,yes,yes,97.76,100.0,1,1,7,9,yes,no,no,1,yes,,file_not_found
3o3u.wasm,3o3u.wasm,constant_value_splitting,mut18,4828,6772,0,0,4,4,3110.64,yes,yes,16.58,ok,203.25,err,yes,yes,72.09,100.0,1,1,7,7,yes,no,no,1,yes,,file_not_found
7o2u.wasm,7o2u.wasm,add_sub_transformation,mut13,4933,4933,0,0,4,4,3049.33,yes,yes,41.91,ok,50.97,err,yes,yes,99.39,100.0,1,1,7,7,yes,no,no,1,yes,,file_not_found
5o1u.wasm,5o1u.wasm,nop_insertion,mut9,4828,7225,0,0,4,4,3565.13,yes,yes,38.54,ok,71.06,err,yes,yes,74.59,100.0,1,1,7,7,yes,no,no,1,yes,,file_not_found
6o3u.wasm,6o3u.wasm,shift_transformation,mut14,4933,4933,0,0,4,4,2956.94,yes,yes,19.15,ok,40.73,err,yes,yes,100.0,100.0,1,1,7,7,yes,no,no,1,yes,,file_not_found
3o3u.wasm,3o3u.wasm,constant_value_transformation,mut19,4828,7441,0,0,4,4,2867.04,yes,yes,16.58,ok,64.98,err,yes,yes,79.11,100.0,1,1,7,7,yes,no,no,1,yes,,file_not_found
6o3u.wasm,6o3u.wasm,eqz_transformation,mut15,4933,4933,0,0,4,4,2834.6,yes,yes,19.15,ok,151.75,err,yes,yes,100.0,100.0,1,1,7,7,yes,no,no,1,yes,,file_not_found
5o2u.wasm,5o2u.wasm,nop_insertion,mut9,4863,7279,0,0,4,4,4056.65,yes,yes,37.92,ok,60.52,err,yes,yes,74.6,100.0,1,1,7,7,yes,no,no,1,yes,,file_not_found
2o2u.wasm,2o2u.wasm,function_body_cloning,mut3,4757,9457,0,0,4,4,3422.6,yes,yes,19.86,ok,66.54,err,yes,yes,62.67,100.0,1,1,7,14,yes,no,no,1,yes,,file_not_found
7o2u.wasm,7o2u.wasm,offset_expansion,mut16,4933,5866,0,0,4,4,3040.72,yes,yes,41.91,ok,349.4,err,yes,yes,88.06,100.0,1,1,7,7,yes,no,no,1,yes,,file_not_found
6o3u.wasm,6o3u.wasm,mba_transformation,mut17,4933,4996,0,0,4,4,2938.15,yes,yes,19.15,ok,71.43,err,yes,yes,99.72,100.0,1,1,7,7,yes,no,no,1,yes,,file_not_found
2o3u.wasm,2o3u.wasm,nop_insertion,mut9,4793,7171,0,0,4,4,3570.62,yes,yes,38.27,ok,75.53,err,yes,yes,74.59,100.0,1,1,7,7,yes,no,no,1,yes,,file_not_found
7o3u.wasm,7o3u.wasm,import_insertion,mut1,4968,4968,0,0,4,4,2906.15,yes,yes,32.18,ok,22.42,err,yes,yes,100.0,100.0,1,1,7,7,yes,no,no,1,yes,,file_not_found
3o3u.wasm,3o3u.wasm,function_insertion,mut2,4828,24128,0,0,4,4,3140.93,yes,yes,16.58,ok,272.25,err,yes,yes,37.89,100.0,1,1,7,107,yes,no,no,1,yes,,file_not_found
6o3u.wasm,6o3u.wasm,direct_to_indirect,mut12,4933,5092,0,47,4,4,2458.76,yes,yes,19.15,ok,84.57,err,yes,yes,97.8,100.0,1,1,7,54,yes,no,no,1,yes,,file_not_found
2o2u.wasm,2o2u.wasm,add_sub_transformation,mut13,4757,4757,0,0,4,4,2688.84,yes,yes,19.86,ok,115.54,err,yes,yes,99.38,100.0,1,1,7,7,yes,no,no,1,yes,,file_not_found
7o3u.wasm,7o3u.wasm,function_sig_insertion,mut0,4968,6134,0,0,4,4,2770.86,yes,yes,32.18,ok,62.81,err,yes,yes,94.75,100.0,1,1,7,7,yes,no,no,1,yes,,file_not_found
7o3u.wasm,7o3u.wasm,global_insertion,mut4,4968,4968,0,0,4,4,2576.94,yes,yes,32.18,ok,29.92,err,yes,yes,100.0,100.0,1,1,7,7,yes,no,no,1,yes,,file_not_found
7o3u.wasm,7o3u.wasm,element_insertion,mut5,4968,5614,0,0,4,4,2614.91,yes,yes,32.18,ok,59.99,err,yes,yes,97.23,100.0,1,1,7,7,yes,no,no,1,yes,,file_not_found
7o3u.wasm,7o3u.wasm,data_insertion,mut7,4968,4968,0,0,4,4,2886.32,yes,yes,32.18,ok,77.33,err,yes,yes,100.0,100.0,1,1,7,7,yes,no,no,1,yes,,file_not_found
7o3u.wasm,7o3u.wasm,export_insertion,mut6,4968,8456,0,0,4,4,2927.42,yes,yes,32.18,ok,211.54,err,yes,yes,96.05,100.0,1,101,7,7,yes,no,no,1,yes,,file_not_found
2o2u.wasm,2o2u.wasm,offset_expansion,mut16,4757,5690,0,0,4,4,3402.82,yes,yes,19.86,ok,39.36,err,yes,yes,87.83,100.0,1,1,7,7,yes,no,no,1,yes,,file_not_found
7o3u.wasm,7o3u.wasm,data_encryption,mut8,4968,5271,0,0,4,4,3086.68,yes,yes,32.18,ok,162.96,err,yes,yes,97.77,100.0,1,1,7,9,yes,no,no,1,yes,,file_not_found
6o3u.wasm,6o3u.wasm,function_body_cloning,mut3,4933,9804,0,0,4,4,2764.12,yes,yes,19.15,ok,63.28,err,yes,yes,64.23,100.0,1,1,7,14,yes,no,no,1,yes,,file_not_found
7o2u.wasm,7o2u.wasm,constant_value_splitting,mut18,4933,6897,0,0,4,4,3294.8,yes,yes,41.91,ok,139.36,err,yes,yes,72.31,100.0,1,1,7,7,yes,no,no,1,yes,,file_not_found
4o3u.wasm,4o3u.wasm,nop_insertion,mut9,4863,7279,0,0,4,4,3874.34,yes,yes,20.11,ok,71.29,err,yes,yes,74.6,100.0,1,1,7,7,yes,no,no,1,yes,,file_not_found
7o3u.wasm,7o3u.wasm,shift_transformation,mut14,4968,4968,0,0,4,4,2968.11,yes,yes,32.18,ok,143.64,err,yes,yes,100.0,100.0,1,1,7,7,yes,no,no,1,yes,,file_not_found
7o2u.wasm,7o2u.wasm,constant_value_transformation,mut19,4933,7570,0,0,4,4,3109.61,yes,yes,41.91,ok,215.21,err,yes,yes,79.22,100.0,1,1,7,7,yes,no,no,1,yes,,file_not_found
7o3u.wasm,7o3u.wasm,mba_transformation,mut17,4968,5031,0,0,4,4,2867.14,yes,yes,32.18,ok,97.02,err,yes,yes,99.72,100.0,1,1,7,7,yes,no,no,1,yes,,file_not_found
3o1u.wasm,3o1u.wasm,nop_insertion,mut9,4757,7117,0,0,4,4,3900.97,yes,yes,32.86,ok,216.58,err,yes,yes,74.58,100.0,1,1,7,7,yes,no,no,1,yes,,file_not_found
7o3u.wasm,7o3u.wasm,eqz_transformation,mut15,4968,4968,0,0,4,4,3038.03,yes,yes,32.18,ok,32.33,err,yes,yes,100.0,100.0,1,1,7,7,yes,no,no,1,yes,,file_not_found
4o1u.wasm,4o1u.wasm,import_insertion,mut1,4793,4793,0,0,4,4,2838.42,yes,yes,17.95,ok,45.12,err,yes,yes,100.0,100.0,1,1,7,7,yes,no,no,1,yes,,file_not_found
2o2u.wasm,2o2u.wasm,constant_value_transformation,mut19,4757,7355,0,0,4,4,2621.03,yes,yes,19.86,ok,30.73,err,yes,yes,79.04,100.0,1,1,7,7,yes,no,no,1,yes,,file_not_found
2o2u.wasm,2o2u.wasm,constant_value_splitting,mut18,4757,6691,0,0,4,4,2617.4,yes,yes,19.86,ok,57.76,err,yes,yes,71.85,100.0,1,1,7,7,yes,no,no,1,yes,,file_not_found
4o1u.wasm,4o1u.wasm,global_insertion,mut4,4793,4793,0,0,4,4,2828.83,yes,yes,17.95,ok,138.12,err,yes,yes,100.0,100.0,1,1,7,7,yes,no,no,1,yes,,file_not_found
4o1u.wasm,4o1u.wasm,data_encryption,mut8,4793,5096,0,0,4,4,2659.57,yes,yes,17.95,ok,24.21,err,yes,yes,97.72,100.0,1,1,7,9,yes,no,no,1,yes,,file_not_found
4o1u.wasm,4o1u.wasm,function_sig_insertion,mut0,4793,5981,0,0,4,4,2955.4,yes,yes,17.95,ok,68.93,err,yes,yes,94.62,100.0,1,1,7,7,yes,no,no,1,yes,,file_not_found
4o1u.wasm,4o1u.wasm,data_insertion,mut7,4793,4793,0,0,4,4,2887.18,yes,yes,17.95,ok,74.23,err,yes,yes,100.0,100.0,1,1,7,7,yes,no,no,1,yes,,file_not_found
6o3u.wasm,6o3u.wasm,add_sub_transformation,mut13,4933,4933,0,0,4,4,2927.63,yes,yes,19.15,ok,123.2,err,yes,yes,99.39,100.0,1,1,7,7,yes,no,no,1,yes,,file_not_found
4o1u.wasm,4o1u.wasm,export_insertion,mut6,4793,7923,0,0,4,4,2846.08,yes,yes,17.95,ok,132.71,err,yes,yes,96.23,100.0,1,101,7,7,yes,no,no,1,yes,,file_not_found
4o1u.wasm,4o1u.wasm,element_insertion,mut5,4793,5439,0,0,4,4,2967.0,yes,yes,17.95,ok,96.18,err,yes,yes,97.17,100.0,1,1,7,7,yes,no,no,1,yes,,file_not_found
7o3u.wasm,7o3u.wasm,direct_to_indirect,mut12,4968,5139,0,51,4,4,2727.98,yes,yes,32.18,ok,74.59,err,yes,yes,98.22,100.0,1,1,7,58,yes,no,no,1,yes,,file_not_found
2o3u.wasm,2o3u.wasm,function_insertion,mut2,4793,36787,0,0,4,4,3841.35,yes,yes,38.27,ok,158.81,err,yes,yes,20.52,100.0,1,1,7,107,yes,no,no,1,yes,,file_not_found
6o3u.wasm,6o3u.wasm,offset_expansion,mut16,4933,5866,0,0,4,4,2782.62,yes,yes,19.15,ok,23.58,err,yes,yes,88.06,100.0,1,1,7,7,yes,no,no,1,yes,,file_not_found
4o1u.wasm,4o1u.wasm,eqz_transformation,mut15,4793,4793,0,0,4,4,2833.86,yes,yes,17.95,ok,159.45,err,yes,yes,100.0,100.0,1,1,7,7,yes,no,no,1,yes,,file_not_found
7o3u.wasm,7o3u.wasm,function_body_cloning,mut3,4968,9873,0,0,4,4,2909.65,yes,yes,32.18,ok,163.01,err,yes,yes,65.66,100.0,1,1,7,14,yes,no,no,1,yes,,file_not_found
4o1u.wasm,4o1u.wasm,shift_transformation,mut14,4793,4793,0,0,4,4,3169.04,yes,yes,17.95,ok,64.35,err,yes,yes,100.0,100.0,1,1,7,7,yes,no,no,1,yes,,file_not_found
4o1u.wasm,4o1u.wasm,mba_transformation,mut17,4793,4856,0,0,4,4,3087.25,yes,yes,17.95,ok,29.96,err,yes,yes,99.71,100.0,1,1,7,7,yes,no,no,1,yes,,file_not_found
3o3u.wasm,3o3u.wasm,nop_insertion,mut9,4828,7225,0,0,4,4,3453.45,yes,yes,16.58,ok,186.14,err,yes,yes,74.59,100.0,1,1,7,7,yes,no,no,1,yes,,file_not_found
6o1u.wasm,6o1u.wasm,import_insertion,mut1,4863,4863,0,0,4,4,2557.39,yes,yes,19.6,ok,30.75,err,yes,yes,100.0,100.0,1,1,7,7,yes,no,no,1,yes,,file_not_found
6o1u.wasm,6o1u.wasm,function_sig_insertion,mut0,4863,6019,0,0,4,4,2516.77,yes,yes,19.6,ok,63.61,err,yes,yes,94.76,100.0,1,1,7,7,yes,no,no,1,yes,,file_not_found
6o1u.wasm,6o1u.wasm,global_insertion,mut4,4863,4863,0,0,4,4,2907.1,yes,yes,19.6,ok,36.31,err,yes,yes,100.0,100.0,1,1,7,7,yes,no,no,1,yes,,file_not_found
4o1u.wasm,4o1u.wasm,direct_to_indirect,mut12,4793,4904,0,31,4,4,2816.02,yes,yes,17.95,ok,61.9,err,yes,yes,98.43,100.0,1,1,7,38,yes,no,no,1,yes,,file_not_found
6o1u.wasm,6o1u.wasm,data_encryption,mut8,4863,5166,0,0,4,4,2629.81,yes,yes,19.6,ok,29.86,err,yes,yes,97.74,100.0,1,1,7,9,yes,no,no,1,yes,,file_not_found
6o1u.wasm,6o1u.wasm,data_insertion,mut7,4863,4863,0,0,4,4,2748.34,yes,yes,19.6,ok,28.98,err,yes,yes,100.0,100.0,1,1,7,7,yes,no,no,1,yes,,file_not_found
5o2u.wasm,5o2u.wasm,function_insertion,mut2,4863,41225,0,0,4,4,3858.22,yes,yes,37.92,ok,143.62,err,yes,yes,21.24,100.0,1,1,7,107,yes,no,no,1,yes,,file_not_found
6o1u.wasm,6o1u.wasm,element_insertion,mut5,4863,5509,0,0,4,4,2933.42,yes,yes,19.6,ok,60.93,err,yes,yes,97.19,100.0,1,1,7,7,yes,no,no,1,yes,,file_not_found
6o1u.wasm,6o1u.wasm,export_insertion,mut6,4863,7999,0,0,4,4,3113.7,yes,yes,19.6,ok,80.02,err,yes,yes,96.25,100.0,1,101,7,7,yes,no,no,1,yes,,file_not_found
6o3u.wasm,6o3u.wasm,constant_value_splitting,mut18,4933,6897,0,0,4,4,3019.58,yes,yes,19.15,ok,54.3,err,yes,yes,72.32,100.0,1,1,7,7,yes,no,no,1,yes,,file_not_found
7o3u.wasm,7o3u.wasm,add_sub_transformation,mut13,4968,4968,0,0,4,4,3124.36,yes,yes,32.18,ok,102.94,err,yes,yes,99.39,100.0,1,1,7,7,yes,no,no,1,yes,,file_not_found
4o1u.wasm,4o1u.wasm,function_body_cloning,mut3,4793,9528,0,0,4,4,2246.55,yes,yes,17.95,ok,176.54,err,yes,yes,66.39,100.0,1,1,7,14,yes,no,no,1,yes,,file_not_found
6o1u.wasm,6o1u.wasm,shift_transformation,mut14,4863,4863,0,0,4,4,2569.25,yes,yes,19.6,ok,27.55,err,yes,yes,100.0,100.0,1,1,7,7,yes,no,no,1,yes,,file_not_found
6o3u.wasm,6o3u.wasm,constant_value_transformation,mut19,4933,7570,0,0,4,4,2824.24,yes,yes,19.15,ok,74.92,err,yes,yes,79.22,100.0,1,1,7,7,yes,no,no,1,yes,,file_not_found
6o1u.wasm,6o1u.wasm,eqz_transformation,mut15,4863,4863,0,0,4,4,2714.18,yes,yes,19.6,ok,24.79,err,yes,yes,100.0,100.0,1,1,7,7,yes,no,no,1,yes,,file_not_found
5o1u.wasm,5o1u.wasm,function_insertion,mut2,4828,28361,0,0,4,4,3643.55,yes,yes,38.54,ok,131.79,err,yes,yes,25.62,100.0,1,1,7,107,yes,no,no,1,yes,,file_not_found
7o3u.wasm,7o3u.wasm,offset_expansion,mut16,4968,5901,0,0,4,4,3207.91,yes,yes,32.18,ok,78.56,err,yes,yes,88.11,100.0,1,1,7,7,yes,no,no,1,yes,,file_not_found
6o1u.wasm,6o1u.wasm,mba_transformation,mut17,4863,4926,0,0,4,4,2920.37,yes,yes,19.6,ok,35.06,err,yes,yes,99.72,100.0,1,1,7,7,yes,no,no,1,yes,,file_not_found
7o2u.wasm,7o2u.wasm,nop_insertion,mut9,4933,7387,0,0,4,4,3637.16,yes,yes,41.91,ok,53.02,err,yes,yes,74.62,100.0,1,1,7,7,yes,no,no,1,yes,,file_not_found
8o1u.wasm,8o1u.wasm,import_insertion,mut1,4933,4933,0,0,4,4,2861.87,yes,yes,19.48,ok,30.11,err,yes,yes,100.0,100.0,1,1,7,7,yes,no,no,1,yes,,file_not_found
8o1u.wasm,8o1u.wasm,global_insertion,mut4,4933,4933,0,0,4,4,2709.8,yes,yes,19.48,ok,22.35,err,yes,yes,100.0,100.0,1,1,7,7,yes,no,no,1,yes,,file_not_found
4o1u.wasm,4o1u.wasm,add_sub_transformation,mut13,4793,4793,0,0,4,4,2819.49,yes,yes,17.95,ok,65.31,err,yes,yes,99.38,100.0,1,1,7,7,yes,no,no,1,yes,,file_not_found
6o1u.wasm,6o1u.wasm,direct_to_indirect,mut12,4863,4998,0,39,4,4,3052.21,yes,yes,19.6,ok,74.16,err,yes,yes,98.13,100.0,1,1,7,46,yes,no,no,1,yes,,file_not_found
8o1u.wasm,8o1u.wasm,element_insertion,mut5,4933,5579,0,0,4,4,2699.85,yes,yes,19.48,ok,124.79,err,yes,yes,97.22,100.0,1,1,7,7,yes,no,no,1,yes,,file_not_found
8o1u.wasm,8o1u.wasm,function_sig_insertion,mut0,4933,6147,0,0,4,4,2966.16,yes,yes,19.48,ok,175.09,err,yes,yes,94.57,100.0,1,1,7,7,yes,no,no,1,yes,,file_not_found
4o1u.wasm,4o1u.wasm,offset_expansion,mut16,4793,5726,0,0,4,4,3098.48,yes,yes,17.95,ok,30.43,err,yes,yes,87.88,100.0,1,1,7,7,yes,no,no,1,yes,,file_not_found
8o1u.wasm,8o1u.wasm,data_insertion,mut7,4933,4933,0,0,4,4,2746.94,yes,yes,19.48,ok,29.15,err,yes,yes,100.0,100.0,1,1,7,7,yes,no,no,1,yes,,file_not_found
8o1u.wasm,8o1u.wasm,export_insertion,mut6,4933,8275,0,0,4,4,3190.11,yes,yes,19.48,ok,98.14,err,yes,yes,96.14,100.0,1,101,7,7,yes,no,no,1,yes,,file_not_found
8o1u.wasm,8o1u.wasm,data_encryption,mut8,4933,5236,0,0,4,4,2584.7,yes,yes,19.48,ok,29.35,err,yes,yes,97.76,100.0,1,1,7,9,yes,no,no,1,yes,,file_not_found
2o2u.wasm,2o2u.wasm,nop_insertion,mut9,4757,7117,0,0,4,4,3214.06,yes,yes,19.86,ok,27.03,err,yes,yes,74.58,100.0,1,1,7,7,yes,no,no,1,yes,,file_not_found
7o2u.wasm,7o2u.wasm,function_insertion,mut2,4933,28172,0,0,4,4,3712.83,yes,yes,41.91,ok,153.77,err,yes,yes,28.73,100.0,1,1,7,107,yes,no,no,1,yes,,file_not_found
6o1u.wasm,6o1u.wasm,function_body_cloning,mut3,4863,9666,0,0,4,4,2875.68,yes,yes,19.6,ok,77.33,err,yes,yes,61.3,100.0,1,1,7,14,yes,no,no,1,yes,,file_not_found
7o3u.wasm,7o3u.wasm,constant_value_splitting,mut18,4968,6936,0,0,4,4,2978.66,yes,yes,32.18,ok,61.56,err,yes,yes,72.43,100.0,1,1,7,7,yes,no,no,1,yes,,file_not_found
8o1u.wasm,8o1u.wasm,shift_transformation,mut14,4933,4933,0,0,4,4,2528.85,yes,yes,19.48,ok,132.04,err,yes,yes,100.0,100.0,1,1,7,7,yes,no,no,1,yes,,file_not_found
8o1u.wasm,8o1u.wasm,eqz_transformation,mut15,4933,4933,0,0,4,4,2325.9,yes,yes,19.48,ok,107.84,err,yes,yes,100.0,100.0,1,1,7,7,yes,no,no,1,yes,,file_not_found
7o3u.wasm,7o3u.wasm,constant_value_transformation,mut19,4968,7613,0,0,4,4,3018.63,yes,yes,32.18,ok,54.03,err,yes,yes,79.27,100.0,1,1,7,7,yes,no,no,1,yes,,file_not_found
8o1u.wasm,8o1u.wasm,mba_transformation,mut17,4933,4996,0,0,4,4,2929.73,yes,yes,19.48,ok,29.81,err,yes,yes,99.72,100.0,1,1,7,7,yes,no,no,1,yes,,file_not_found
8o1u.wasm,8o1u.wasm,direct_to_indirect,mut12,4933,5092,0,47,4,4,2529.86,yes,yes,19.48,ok,125.62,err,yes,yes,97.8,100.0,1,1,7,54,yes,no,no,1,yes,,file_not_found
4o1u.wasm,4o1u.wasm,constant_value_splitting,mut18,4793,6733,0,0,4,4,3007.53,yes,yes,17.95,ok,58.81,err,yes,yes,71.84,100.0,1,1,7,7,yes,no,no,1,yes,,file_not_found
6o1u.wasm,6o1u.wasm,add_sub_transformation,mut13,4863,4863,0,0,4,4,2489.49,yes,yes,19.6,ok,76.51,err,yes,yes,99.38,100.0,1,1,7,7,yes,no,no,1,yes,,file_not_found
8o2u.wasm,8o2u.wasm,import_insertion,mut1,4968,4968,0,0,4,4,2787.3,yes,yes,17.31,ok,30.08,err,yes,yes,100.0,100.0,1,1,7,7,yes,no,no,1,yes,,file_not_found
4o1u.wasm,4o1u.wasm,constant_value_transformation,mut19,4793,7398,0,0,4,4,2572.34,yes,yes,17.95,ok,30.93,err,yes,yes,79.08,100.0,1,1,7,7,yes,no,no,1,yes,,file_not_found
8o2u.wasm,8o2u.wasm,data_insertion,mut7,4968,4968,0,0,4,4,2482.37,yes,yes,17.31,ok,171.66,err,yes,yes,100.0,100.0,1,1,7,7,yes,no,no,1,yes,,file_not_found
8o2u.wasm,8o2u.wasm,global_insertion,mut4,4968,4968,0,0,4,4,2632.9,yes,yes,17.31,ok,30.66,err,yes,yes,100.0,100.0,1,1,7,7,yes,no,no,1,yes,,file_not_found
8o2u.wasm,8o2u.wasm,element_insertion,mut5,4968,5614,0,0,4,4,2377.85,yes,yes,17.31,ok,47.9,err,yes,yes,97.23,100.0,1,1,7,7,yes,no,no,1,yes,,file_not_found
6o1u.wasm,6o1u.wasm,offset_expansion,mut16,4863,5796,0,0,4,4,2960.98,yes,yes,19.6,ok,54.48,err,yes,yes,87.97,100.0,1,1,7,7,yes,no,no,1,yes,,file_not_found
8o1u.wasm,8o1u.wasm,function_body_cloning,mut3,4933,9804,0,0,4,4,2904.48,yes,yes,19.48,ok,107.0,err,yes,yes,65.25,100.0,1,1,7,14,yes,no,no,1,yes,,file_not_found
8o2u.wasm,8o2u.wasm,data_encryption,mut8,4968,5271,0,0,4,4,2299.86,yes,yes,17.31,ok,21.15,err,yes,yes,97.77,100.0,1,1,7,9,yes,no,no,1,yes,,file_not_found
8o2u.wasm,8o2u.wasm,function_sig_insertion,mut0,4968,6142,0,0,4,4,3019.42,yes,yes,17.31,ok,60.22,err,yes,yes,94.71,100.0,1,1,7,7,yes,no,no,1,yes,,file_not_found
8o2u.wasm,8o2u.wasm,export_insertion,mut6,4968,8302,0,0,4,4,2970.02,yes,yes,17.31,ok,220.84,err,yes,yes,96.16,100.0,1,101,7,7,yes,no,no,1,yes,,file_not_found
6o3u.wasm,6o3u.wasm,nop_insertion,mut9,4933,7387,0,0,4,4,3465.56,yes,yes,19.15,ok,155.67,err,yes,yes,74.62,100.0,1,1,7,7,yes,no,no,1,yes,,file_not_found
8o2u.wasm,8o2u.wasm,eqz_transformation,mut15,4968,4968,0,0,4,4,2475.71,yes,yes,17.31,ok,43.85,err,yes,yes,100.0,100.0,1,1,7,7,yes,no,no,1,yes,,file_not_found
3o1u.wasm,3o1u.wasm,function_insertion,mut2,4757,52042,0,0,4,4,3882.82,yes,yes,32.86,ok,201.61,err,yes,yes,16.17,100.0,1,1,7,107,yes,no,no,1,yes,,file_not_found
8o2u.wasm,8o2u.wasm,shift_transformation,mut14,4968,4968,0,0,4,4,3052.36,yes,yes,17.31,ok,133.68,err,yes,yes,100.0,100.0,1,1,7,7,yes,no,no,1,yes,,file_not_found
8o2u.wasm,8o2u.wasm,mba_transformation,mut17,4968,5031,0,0,4,4,2596.18,yes,yes,17.31,ok,30.99,err,yes,yes,99.72,100.0,1,1,7,7,yes,no,no,1,yes,,file_not_found
2o1u.wasm,2o1u.wasm,import_insertion,mut1,4718,4718,0,0,4,4,2869.59,yes,yes,37.25,ok,110.38,err,yes,yes,100.0,100.0,1,1,7,7,yes,no,no,1,yes,,file_not_found
6o1u.wasm,6o1u.wasm,constant_value_splitting,mut18,4863,6814,0,0,4,4,2631.05,yes,yes,19.6,ok,126.74,err,yes,yes,72.14,100.0,1,1,7,7,yes,no,no,1,yes,,file_not_found
2o1u.wasm,2o1u.wasm,function_sig_insertion,mut0,4718,5874,0,0,4,4,2539.32,yes,yes,37.25,ok,157.09,err,yes,yes,94.68,100.0,1,1,7,7,yes,no,no,1,yes,,file_not_found
8o1u.wasm,8o1u.wasm,add_sub_transformation,mut13,4933,4933,0,0,4,4,3073.11,yes,yes,19.48,ok,132.1,err,yes,yes,99.39,100.0,1,1,7,7,yes,no,no,1,yes,,file_not_found
2o1u.wasm,2o1u.wasm,element_insertion,mut5,4718,5364,0,0,4,4,2711.9,yes,yes,37.25,ok,170.08,err,yes,yes,97.15,100.0,1,1,7,7,yes,no,no,1,yes,,file_not_found
2o1u.wasm,2o1u.wasm,global_insertion,mut4,4718,4718,0,0,4,4,3013.14,yes,yes,37.25,ok,61.92,err,yes,yes,100.0,100.0,1,1,7,7,yes,no,no,1,yes,,file_not_found
6o1u.wasm,6o1u.wasm,constant_value_transformation,mut19,4863,7484,0,0,4,4,2833.7,yes,yes,19.6,ok,31.48,err,yes,yes,79.15,100.0,1,1,7,7,yes,no,no,1,yes,,file_not_found
6o3u.wasm,6o3u.wasm,function_insertion,mut2,4933,30782,0,0,4,4,3157.14,yes,yes,19.15,ok,197.77,err,yes,yes,26.74,100.0,1,1,7,107,yes,no,no,1,yes,,file_not_found
8o2u.wasm,8o2u.wasm,direct_to_indirect,mut12,4968,5139,0,51,4,4,2905.28,yes,yes,17.31,ok,121.66,err,yes,yes,98.22,100.0,1,1,7,58,yes,no,no,1,yes,,file_not_found
2o1u.wasm,2o1u.wasm,export_insertion,mut6,4718,7555,0,0,4,4,2569.04,yes,yes,37.25,ok,141.11,err,yes,yes,96.36,100.0,1,101,7,7,yes,no,no,1,yes,,file_not_found
8o1u.wasm,8o1u.wasm,offset_expansion,mut16,4933,5866,0,0,4,4,3192.05,yes,yes,19.48,ok,29.41,err,yes,yes,88.06,100.0,1,1,7,7,yes,no,no,1,yes,,file_not_found
7o3u.wasm,7o3u.wasm,function_insertion,mut2,4968,25896,0,0,4,4,2949.36,yes,yes,32.18,ok,161.03,err,yes,yes,32.16,100.0,1,1,7,107,yes,no,no,1,yes,,file_not_found
2o1u.wasm,2o1u.wasm,data_insertion,mut7,4718,4718,0,0,4,4,2744.2,yes,yes,37.25,ok,31.08,err,yes,yes,100.0,100.0,1,1,7,7,yes,no,no,1,yes,,file_not_found
2o1u.wasm,2o1u.wasm,data_encryption,mut8,4718,5021,0,0,4,4,2405.95,yes,yes,37.25,ok,73.53,err,yes,yes,97.7,100.0,1,1,7,9,yes,no,no,1,yes,,file_not_found
7o3u.wasm,7o3u.wasm,nop_insertion,mut9,4968,7441,0,0,4,4,2946.06,yes,yes,32.18,ok,162.12,err,yes,yes,74.64,100.0,1,1,7,7,yes,no,no,1,yes,,file_not_found
4o1u.wasm,4o1u.wasm,nop_insertion,mut9,4793,7171,0,0,4,4,3083.84,yes,yes,17.95,ok,66.66,err,yes,yes,74.59,100.0,1,1,7,7,yes,no,no,1,yes,,file_not_found
8o2u.wasm,8o2u.wasm,function_body_cloning,mut3,4968,9873,0,0,4,4,2774.17,yes,yes,17.31,ok,121.41,err,yes,yes,62.19,100.0,1,1,7,14,yes,no,no,1,yes,,file_not_found
2o1u.wasm,2o1u.wasm,shift_transformation,mut14,4718,4718,0,0,4,4,3043.09,yes,yes,37.25,ok,26.05,err,yes,yes,100.0,100.0,1,1,7,7,yes,no,no,1,yes,,file_not_found
8o1u.wasm,8o1u.wasm,constant_value_splitting,mut18,4933,6896,0,0,4,4,3178.82,yes,yes,19.48,ok,101.33,err,yes,yes,72.32,100.0,1,1,7,7,yes,no,no,1,yes,,file_not_found
2o1u.wasm,2o1u.wasm,mba_transformation,mut17,4718,4781,0,0,4,4,2758.62,yes,yes,37.25,ok,132.55,err,yes,yes,99.71,100.0,1,1,7,7,yes,no,no,1,yes,,file_not_found
2o1u.wasm,2o1u.wasm,eqz_transformation,mut15,4718,4718,0,0,4,4,3086.98,yes,yes,37.25,ok,30.3,err,yes,yes,100.0,100.0,1,1,7,7,yes,no,no,1,yes,,file_not_found
8o2u.wasm,8o2u.wasm,add_sub_transformation,mut13,4968,4968,0,0,4,4,2898.72,yes,yes,17.31,ok,20.75,err,yes,yes,99.39,100.0,1,1,7,7,yes,no,no,1,yes,,file_not_found
9o1u.wasm,9o1u.wasm,import_insertion,mut1,4968,4968,0,0,4,4,2673.98,yes,yes,17.61,ok,33.43,err,yes,yes,100.0,100.0,1,1,7,7,yes,no,no,1,yes,,file_not_found
9o1u.wasm,9o1u.wasm,global_insertion,mut4,4968,4968,0,0,4,4,2279.12,yes,yes,17.61,ok,26.73,err,yes,yes,100.0,100.0,1,1,7,7,yes,no,no,1,yes,,file_not_found
6o1u.wasm,6o1u.wasm,function_insertion,mut2,4863,31448,0,0,4,4,2800.0,yes,yes,19.6,ok,216.06,err,yes,yes,26.31,100.0,1,1,7,107,yes,no,no,1,yes,,file_not_found
2o1u.wasm,2o1u.wasm,direct_to_indirect,mut12,4718,4805,0,23,4,4,2822.76,yes,yes,37.25,ok,202.63,err,yes,yes,99.05,100.0,1,1,7,30,yes,no,no,1,yes,,file_not_found
2o1u.wasm,2o1u.wasm,function_body_cloning,mut3,4718,9380,0,0,4,4,2356.6,yes,yes,37.25,ok,120.68,err,yes,yes,64.37,100.0,1,1,7,14,yes,no,no,1,yes,,file_not_found
9o1u.wasm,9o1u.wasm,function_sig_insertion,mut0,4968,6240,0,0,4,4,2549.21,yes,yes,17.61,ok,67.3,err,yes,yes,94.42,100.0,1,1,7,7,yes,no,no,1,yes,,file_not_found
8o1u.wasm,8o1u.wasm,constant_value_transformation,mut19,4933,7570,0,0,4,4,2890.64,yes,yes,19.48,ok,133.15,err,yes,yes,79.22,100.0,1,1,7,7,yes,no,no,1,yes,,file_not_found
9o1u.wasm,9o1u.wasm,element_insertion,mut5,4968,5614,0,0,4,4,2718.66,yes,yes,17.61,ok,183.88,err,yes,yes,97.23,100.0,1,1,7,7,yes,no,no,1,yes,,file_not_found
8o2u.wasm,8o2u.wasm,offset_expansion,mut16,4968,5901,0,0,4,4,3154.75,yes,yes,17.31,ok,28.04,err,yes,yes,88.11,100.0,1,1,7,7,yes,no,no,1,yes,,file_not_found
9o1u.wasm,9o1u.wasm,data_insertion,mut7,4968,4968,0,0,4,4,2798.05,yes,yes,17.61,ok,66.14,err,yes,yes,100.0,100.0,1,1,7,7,yes,no,no,1,yes,,file_not_found
9o1u.wasm,9o1u.wasm,export_insertion,mut6,4968,8007,0,0,4,4,3116.64,yes,yes,17.61,ok,185.71,err,yes,yes,96.35,100.0,1,101,7,7,yes,no,no,1,yes,,file_not_found
9o1u.wasm,9o1u.wasm,data_encryption,mut8,4968,5271,0,0,4,4,3083.95,yes,yes,17.61,ok,30.91,err,yes,yes,97.77,100.0,1,1,7,9,yes,no,no,1,yes,,file_not_found
9o1u.wasm,9o1u.wasm,shift_transformation,mut14,4968,4968,0,0,4,4,2837.54,yes,yes,17.61,ok,85.35,err,yes,yes,100.0,100.0,1,1,7,7,yes,no,no,1,yes,,file_not_found
6o1u.wasm,6o1u.wasm,nop_insertion,mut9,4863,7279,0,0,4,4,2566.73,yes,yes,19.6,ok,30.55,err,yes,yes,74.6,100.0,1,1,7,7,yes,no,no,1,yes,,file_not_found
9o1u.wasm,9o1u.wasm,mba_transformation,mut17,4968,5031,0,0,4,4,2993.34,yes,yes,17.61,ok,32.0,err,yes,yes,99.72,100.0,1,1,7,7,yes,no,no,1,yes,,file_not_found
9o1u.wasm,9o1u.wasm,eqz_transformation,mut15,4968,4968,0,0,4,4,3128.53,yes,yes,17.61,ok,31.51,err,yes,yes,100.0,100.0,1,1,7,7,yes,no,no,1,yes,,file_not_found
4o2u.wasm,4o2u.wasm,import_insertion,mut1,4828,4828,0,0,4,4,2680.05,yes,yes,17.23,ok,24.76,err,yes,yes,100.0,100.0,1,1,7,7,yes,no,no,1,yes,,file_not_found
2o1u.wasm,2o1u.wasm,offset_expansion,mut16,4718,5651,0,0,4,4,2564.05,yes,yes,37.25,ok,71.14,err,yes,yes,87.78,100.0,1,1,7,7,yes,no,no,1,yes,,file_not_found
2o1u.wasm,2o1u.wasm,add_sub_transformation,mut13,4718,4718,0,0,4,4,2622.7,yes,yes,37.25,ok,91.19,err,yes,yes,99.37,100.0,1,1,7,7,yes,no,no,1,yes,,file_not_found
4o2u.wasm,4o2u.wasm,function_sig_insertion,mut0,4828,5998,0,0,4,4,2890.09,yes,yes,17.23,ok,164.41,err,yes,yes,94.7,100.0,1,1,7,7,yes,no,no,1,yes,,file_not_found
9o1u.wasm,9o1u.wasm,function_body_cloning,mut3,4968,9873,0,0,4,4,2437.71,yes,yes,17.61,ok,82.26,err,yes,yes,66.42,100.0,1,1,7,14,yes,no,no,1,yes,,file_not_found
4o2u.wasm,4o2u.wasm,global_insertion,mut4,4828,4828,0,0,4,4,2704.29,yes,yes,17.23,ok,67.25,err,yes,yes,100.0,100.0,1,1,7,7,yes,no,no,1,yes,,file_not_found
8o2u.wasm,8o2u.wasm,constant_value_splitting,mut18,4968,6937,0,0,4,4,2369.03,yes,yes,17.31,ok,60.51,err,yes,yes,72.19,100.0,1,1,7,7,yes,no,no,1,yes,,file_not_found
4o2u.wasm,4o2u.wasm,export_insertion,mut6,4828,8291,0,0,4,4,2583.02,yes,yes,17.23,ok,194.48,err,yes,yes,95.99,100.0,1,101,7,7,yes,no,no,1,yes,,file_not_found
4o2u.wasm,4o2u.wasm,data_insertion,mut7,4828,4828,0,0,4,4,2714.19,yes,yes,17.23,ok,95.27,err,yes,yes,100.0,100.0,1,1,7,7,yes,no,no,1,yes,,file_not_found
8o2u.wasm,8o2u.wasm,constant_value_transformation,mut19,4968,7613,0,0,4,4,2755.78,yes,yes,17.31,ok,49.17,err,yes,yes,79.27,100.0,1,1,7,7,yes,no,no,1,yes,,file_not_found
4o1u.wasm,4o1u.wasm,function_insertion,mut2,4793,36859,0,0,4,4,2954.62,yes,yes,17.95,ok,325.39,err,yes,yes,23.97,100.0,1,1,7,107,yes,no,no,1,yes,,file_not_found
2o2u.wasm,2o2u.wasm,function_insertion,mut2,4757,52136,0,0,4,4,3384.71,yes,yes,19.86,ok,239.82,err,yes,yes,16.21,100.0,1,1,7,107,yes,no,no,1,yes,,file_not_found
9o1u.wasm,9o1u.wasm,direct_to_indirect,mut12,4968,5139,0,51,4,4,2992.6,yes,yes,17.61,ok,41.99,err,yes,yes,98.22,100.0,1,1,7,58,yes,no,no,1,yes,,file_not_found
4o2u.wasm,4o2u.wasm,element_insertion,mut5,4828,5474,0,0,4,4,2649.49,yes,yes,17.23,ok,179.44,err,yes,yes,97.18,100.0,1,1,7,7,yes,no,no,1,yes,,file_not_found
4o2u.wasm,4o2u.wasm,data_encryption,mut8,4828,5131,0,0,4,4,2670.74,yes,yes,17.23,ok,77.27,err,yes,yes,97.73,100.0,1,1,7,9,yes,no,no,1,yes,,file_not_found
4o2u.wasm,4o2u.wasm,eqz_transformation,mut15,4828,4828,0,0,4,4,2930.45,yes,yes,17.23,ok,43.05,err,yes,yes,100.0,100.0,1,1,7,7,yes,no,no,1,yes,,file_not_found
4o2u.wasm,4o2u.wasm,shift_transformation,mut14,4828,4828,0,0,4,4,3386.87,yes,yes,17.23,ok,30.69,err,yes,yes,100.0,100.0,1,1,7,7,yes,no,no,1,yes,,file_not_found
2o1u.wasm,2o1u.wasm,constant_value_splitting,mut18,4718,6646,0,0,4,4,3259.75,yes,yes,37.25,ok,60.69,err,yes,yes,71.95,100.0,1,1,7,7,yes,no,no,1,yes,,file_not_found
4o2u.wasm,4o2u.wasm,mba_transformation,mut17,4828,4891,0,0,4,4,3023.13,yes,yes,17.23,ok,59.65,err,yes,yes,99.72,100.0,1,1,7,7,yes,no,no,1,yes,,file_not_found
8o1u.wasm,8o1u.wasm,nop_insertion,mut9,4933,7387,0,0,4,4,2796.0,yes,yes,19.48,ok,27.78,err,yes,yes,74.62,100.0,1,1,7,7,yes,no,no,1,yes,,file_not_found
5o3u.wasm,5o3u.wasm,data_insertion,mut7,4898,4898,0,0,4,4,2238.24,yes,yes,38.55,ok,91.29,err,yes,yes,100.0,100.0,1,1,7,7,yes,no,no,1,yes,,file_not_found
5o3u.wasm,5o3u.wasm,element_insertion,mut5,4898,5544,0,0,4,4,2483.28,yes,yes,38.55,ok,93.62,err,yes,yes,97.2,100.0,1,1,7,7,yes,no,no,1,yes,,file_not_found
5o3u.wasm,5o3u.wasm,import_insertion,mut1,4898,4898,0,0,4,4,2881.9,yes,yes,38.55,ok,68.83,err,yes,yes,100.0,100.0,1,1,7,7,yes,no,no,1,yes,,file_not_found
5o3u.wasm,5o3u.wasm,global_insertion,mut4,4898,4898,0,0,4,4,2884.9,yes,yes,38.55,ok,130.49,err,yes,yes,100.0,100.0,1,1,7,7,yes,no,no,1,yes,,file_not_found
4o2u.wasm,4o2u.wasm,direct_to_indirect,mut12,4828,4951,0,35,4,4,2972.26,yes,yes,17.23,ok,35.94,err,yes,yes,98.38,100.0,1,1,7,42,yes,no,no,1,yes,,file_not_found
5o3u.wasm,5o3u.wasm,data_encryption,mut8,4898,5201,0,0,4,4,2401.99,yes,yes,38.55,ok,77.71,err,yes,yes,97.75,100.0,1,1,7,9,yes,no,no,1,yes,,file_not_found
5o3u.wasm,5o3u.wasm,function_sig_insertion,mut0,4898,6087,0,0,4,4,2796.08,yes,yes,38.55,ok,77.06,err,yes,yes,94.68,100.0,1,1,7,7,yes,no,no,1,yes,,file_not_found
5o3u.wasm,5o3u.wasm,export_insertion,mut6,4898,8116,0,0,4,4,3119.08,yes,yes,38.55,ok,205.16,err,yes,yes,96.21,100.0,1,101,7,7,yes,no,no,1,yes,,file_not_found
2o1u.wasm,2o1u.wasm,constant_value_transformation,mut19,4718,7307,0,0,4,4,3198.27,yes,yes,37.25,ok,62.86,err,yes,yes,78.99,100.0,1,1,7,7,yes,no,no,1,yes,,file_not_found
9o1u.wasm,9o1u.wasm,add_sub_transformation,mut13,4968,4968,0,0,4,4,2861.47,yes,yes,17.61,ok,137.93,err,yes,yes,99.39,100.0,1,1,7,7,yes,no,no,1,yes,,file_not_found
9o1u.wasm,9o1u.wasm,offset_expansion,mut16,4968,5901,0,0,4,4,2794.53,yes,yes,17.61,ok,31.27,err,yes,yes,88.11,100.0,1,1,7,7,yes,no,no,1,yes,,file_not_found
8o1u.wasm,8o1u.wasm,function_insertion,mut2,4933,30768,0,0,4,4,2897.65,yes,yes,19.48,ok,277.47,err,yes,yes,25.39,100.0,1,1,7,107,yes,no,no,1,yes,,file_not_found
4o2u.wasm,4o2u.wasm,function_body_cloning,mut3,4828,9597,0,0,4,4,2390.78,yes,yes,17.23,ok,85.58,err,yes,yes,63.08,100.0,1,1,7,14,yes,no,no,1,yes,,file_not_found
8o2u.wasm,8o2u.wasm,function_insertion,mut2,4968,26491,0,0,4,4,2700.27,yes,yes,17.31,ok,139.13,err,yes,yes,31.88,100.0,1,1,7,107,yes,no,no,1,yes,,file_not_found
5o3u.wasm,5o3u.wasm,eqz_transformation,mut15,4898,4898,0,0,4,4,2708.56,yes,yes,38.55,ok,33.07,err,yes,yes,100.0,100.0,1,1,7,7,yes,no,no,1,yes,,file_not_found
5o3u.wasm,5o3u.wasm,shift_transformation,mut14,4898,4898,0,0,4,4,3052.02,yes,yes,38.55,ok,56.87,err,yes,yes,100.0,100.0,1,1,7,7,yes,no,no,1,yes,,file_not_found
5o3u.wasm,5o3u.wasm,mba_transformation,mut17,4898,4961,0,0,4,4,2650.8,yes,yes,38.55,ok,87.7,err,yes,yes,99.72,100.0,1,1,7,7,yes,no,no,1,yes,,file_not_found
8o2u.wasm,8o2u.wasm,nop_insertion,mut9,4968,7441,0,0,4,4,2641.52,yes,yes,17.31,ok,22.91,err,yes,yes,74.64,100.0,1,1,7,7,yes,no,no,1,yes,,file_not_found
9o2u.wasm,9o2u.wasm,import_insertion,mut1,5003,5003,0,0,4,4,2987.02,yes,yes,43.07,ok,65.49,err,yes,yes,100.0,100.0,1,1,7,7,yes,no,no,1,yes,,file_not_found
5o3u.wasm,5o3u.wasm,direct_to_indirect,mut12,4898,5045,0,43,4,4,2866.14,yes,yes,38.55,ok,86.54,err,yes,yes,97.96,100.0,1,1,7,50,yes,no,no,1,yes,,file_not_found
9o2u.wasm,9o2u.wasm,global_insertion,mut4,5003,5003,0,0,4,4,2598.74,yes,yes,43.07,ok,36.86,err,yes,yes,100.0,100.0,1,1,7,7,yes,no,no,1,yes,,file_not_found
4o2u.wasm,4o2u.wasm,add_sub_transformation,mut13,4828,4828,0,0,4,4,3324.68,yes,yes,17.23,ok,36.38,err,yes,yes,99.38,100.0,1,1,7,7,yes,no,no,1,yes,,file_not_found
9o2u.wasm,9o2u.wasm,function_sig_insertion,mut0,5003,6194,0,0,4,4,3107.18,yes,yes,43.07,ok,105.65,err,yes,yes,94.72,100.0,1,1,7,7,yes,no,no,1,yes,,file_not_found
9o2u.wasm,9o2u.wasm,element_insertion,mut5,5003,5649,0,0,4,4,2679.52,yes,yes,43.07,ok,120.34,err,yes,yes,97.24,100.0,1,1,7,7,yes,no,no,1,yes,,file_not_found
5o3u.wasm,5o3u.wasm,function_body_cloning,mut3,4898,9735,0,0,4,4,2798.42,yes,yes,38.55,ok,154.86,err,yes,yes,65.11,100.0,1,1,7,14,yes,no,no,1,yes,,file_not_found
9o2u.wasm,9o2u.wasm,data_insertion,mut7,5003,5003,0,0,4,4,2468.21,yes,yes,43.07,ok,152.22,err,yes,yes,100.0,100.0,1,1,7,7,yes,no,no,1,yes,,file_not_found
9o1u.wasm,9o1u.wasm,constant_value_transformation,mut19,4968,7613,0,0,4,4,2787.74,yes,yes,17.61,ok,30.45,err,yes,yes,79.27,100.0,1,1,7,7,yes,no,no,1,yes,,file_not_found
4o2u.wasm,4o2u.wasm,offset_expansion,mut16,4828,5761,0,0,4,4,3215.53,yes,yes,17.23,ok,50.18,err,yes,yes,87.92,100.0,1,1,7,7,yes,no,no,1,yes,,file_not_found
9o1u.wasm,9o1u.wasm,constant_value_splitting,mut18,4968,6938,0,0,4,4,2926.45,yes,yes,17.61,ok,185.39,err,yes,yes,72.38,100.0,1,1,7,7,yes,no,no,1,yes,,file_not_found
9o2u.wasm,9o2u.wasm,data_encryption,mut8,5003,5306,0,0,4,4,2754.48,yes,yes,43.07,ok,142.81,err,yes,yes,97.78,100.0,1,1,7,9,yes,no,no,1,yes,,file_not_found
9o2u.wasm,9o2u.wasm,export_insertion,mut6,5003,8172,0,0,4,4,3188.05,yes,yes,43.07,ok,116.48,err,yes,yes,96.3,100.0,1,101,7,7,yes,no,no,1,yes,,file_not_found
2o1u.wasm,2o1u.wasm,nop_insertion,mut9,4718,7057,0,0,4,4,3040.02,yes,yes,37.25,ok,153.71,err,yes,yes,74.49,100.0,1,1,7,7,yes,no,no,1,yes,,file_not_found
9o2u.wasm,9o2u.wasm,shift_transformation,mut14,5003,5003,0,0,4,4,3089.07,yes,yes,43.07,ok,52.55,err,yes,yes,100.0,100.0,1,1,7,7,yes,no,no,1,yes,,file_not_found
9o2u.wasm,9o2u.wasm,eqz_transformation,mut15,5003,5003,0,0,4,4,3230.56,yes,yes,43.07,ok,82.22,err,yes,yes,100.0,100.0,1,1,7,7,yes,no,no,1,yes,,file_not_found
9o2u.wasm,9o2u.wasm,mba_transformation,mut17,5003,5066,0,0,4,4,2968.41,yes,yes,43.07,ok,97.3,err,yes,yes,99.72,100.0,1,1,7,7,yes,no,no,1,yes,,file_not_found
5o3u.wasm,5o3u.wasm,function_insertion,mut2,4898,33675,0,0,4,4,2805.92,yes,yes,38.55,ok,183.28,err,yes,yes,30.09,100.0,1,1,7,107,yes,no,no,1,yes,,file_not_found
4o2u.wasm,4o2u.wasm,constant_value_splitting,mut18,4828,6775,0,0,4,4,2757.03,yes,yes,17.23,ok,97.83,err,yes,yes,72.16,100.0,1,1,7,7,yes,no,no,1,yes,,file_not_found
6o2u.wasm,6o2u.wasm,import_insertion,mut1,4898,4898,0,0,4,4,2754.85,yes,yes,20.04,ok,36.82,err,yes,yes,100.0,100.0,1,1,7,7,yes,no,no,1,yes,,file_not_found
5o3u.wasm,5o3u.wasm,add_sub_transformation,mut13,4898,4898,0,0,4,4,3100.67,yes,yes,38.55,ok,103.0,err,yes,yes,99.39,100.0,1,1,7,7,yes,no,no,1,yes,,file_not_found
4o2u.wasm,4o2u.wasm,constant_value_transformation,mut19,4828,7441,0,0,4,4,2827.26,yes,yes,17.23,ok,32.44,err,yes,yes,79.11,100.0,1,1,7,7,yes,no,no,1,yes,,file_not_found
6o2u.wasm,6o2u.wasm,function_sig_insertion,mut0,4898,6121,0,0,4,4,2764.75,yes,yes,20.04,ok,127.36,err,yes,yes,94.56,100.0,1,1,7,7,yes,no,no,1,yes,,file_not_found
5o3u.wasm,5o3u.wasm,offset_expansion,mut16,4898,5831,0,0,4,4,2656.39,yes,yes,38.55,ok,87.43,err,yes,yes,88.01,100.0,1,1,7,7,yes,no,no,1,yes,,file_not_found
6o2u.wasm,6o2u.wasm,global_insertion,mut4,4898,4898,0,0,4,4,2836.16,yes,yes,20.04,ok,82.86,err,yes,yes,100.0,100.0,1,1,7,7,yes,no,no,1,yes,,file_not_found
6o2u.wasm,6o2u.wasm,data_insertion,mut7,4898,4898,0,0,4,4,2506.79,yes,yes,20.04,ok,48.27,err,yes,yes,100.0,100.0,1,1,7,7,yes,no,no,1,yes,,file_not_found
6o2u.wasm,6o2u.wasm,element_insertion,mut5,4898,5544,0,0,4,4,2846.63,yes,yes,20.04,ok,198.27,err,yes,yes,97.2,100.0,1,1,7,7,yes,no,no,1,yes,,file_not_found
6o2u.wasm,6o2u.wasm,export_insertion,mut6,4898,8051,0,0,4,4,3178.12,yes,yes,20.04,ok,111.06,err,yes,yes,96.27,100.0,1,100,7,7,yes,no,no,1,yes,,file_not_found
6o2u.wasm,6o2u.wasm,data_encryption,mut8,4898,5201,0,0,4,4,2842.34,yes,yes,20.04,ok,117.43,err,yes,yes,97.75,100.0,1,1,7,9,yes,no,no,1,yes,,file_not_found
9o2u.wasm,9o2u.wasm,direct_to_indirect,mut12,5003,5186,0,55,4,4,2986.73,yes,yes,43.07,ok,183.03,err,yes,yes,98.1,100.0,1,1,7,62,yes,no,no,1,yes,,file_not_found
9o2u.wasm,9o2u.wasm,function_body_cloning,mut3,5003,9942,0,0,4,4,2914.08,yes,yes,43.07,ok,109.89,err,yes,yes,66.54,100.0,1,1,7,14,yes,no,no,1,yes,,file_not_found
6o2u.wasm,6o2u.wasm,eqz_transformation,mut15,4898,4898,0,0,4,4,2814.88,yes,yes,20.04,ok,87.77,err,yes,yes,100.0,100.0,1,1,7,7,yes,no,no,1,yes,,file_not_found
6o2u.wasm,6o2u.wasm,shift_transformation,mut14,4898,4898,0,0,4,4,3274.9,yes,yes,20.04,ok,105.42,err,yes,yes,100.0,100.0,1,1,7,7,yes,no,no,1,yes,,file_not_found
6o2u.wasm,6o2u.wasm,mba_transformation,mut17,4898,4961,0,0,4,4,3072.3,yes,yes,20.04,ok,62.65,err,yes,yes,99.72,100.0,1,1,7,7,yes,no,no,1,yes,,file_not_found
3o2u.wasm,3o2u.wasm,import_insertion,mut1,4793,4793,0,0,4,4,2850.65,yes,yes,25.15,ok,126.82,err,yes,yes,100.0,100.0,1,1,7,7,yes,no,no,1,yes,,file_not_found
5o3u.wasm,5o3u.wasm,constant_value_splitting,mut18,4898,6855,0,0,4,4,3266.26,yes,yes,38.55,ok,112.31,err,yes,yes,72.29,100.0,1,1,7,7,yes,no,no,1,yes,,file_not_found
4o2u.wasm,4o2u.wasm,function_insertion,mut2,4828,27557,0,0,4,4,2774.09,yes,yes,17.23,ok,190.11,err,yes,yes,32.83,100.0,1,1,7,107,yes,no,no,1,yes,,file_not_found
3o2u.wasm,3o2u.wasm,global_insertion,mut4,4793,4793,0,0,4,4,2651.3,yes,yes,25.15,ok,46.35,err,yes,yes,100.0,100.0,1,1,7,7,yes,no,no,1,yes,,file_not_found
3o2u.wasm,3o2u.wasm,function_sig_insertion,mut0,4793,6000,0,0,4,4,2894.3,yes,yes,25.15,ok,209.56,err,yes,yes,94.59,100.0,1,1,7,7,yes,no,no,1,yes,,file_not_found
3o2u.wasm,3o2u.wasm,element_insertion,mut5,4793,5439,0,0,4,4,2669.79,yes,yes,25.15,ok,103.06,err,yes,yes,97.17,100.0,1,1,7,7,yes,no,no,1,yes,,file_not_found
5o3u.wasm,5o3u.wasm,constant_value_transformation,mut19,4898,7527,0,0,4,4,3178.33,yes,yes,38.55,ok,116.15,err,yes,yes,79.19,100.0,1,1,7,7,yes,no,no,1,yes,,file_not_found
9o1u.wasm,9o1u.wasm,function_insertion,mut2,4968,26890,0,0,4,4,2903.44,yes,yes,17.61,ok,114.61,err,yes,yes,30.69,100.0,1,1,7,107,yes,no,no,1,yes,,file_not_found
3o2u.wasm,3o2u.wasm,export_insertion,mut6,4793,8033,0,0,4,4,2823.14,yes,yes,25.15,ok,119.58,err,yes,yes,96.16,100.0,1,101,7,7,yes,no,no,1,yes,,file_not_found
6o2u.wasm,6o2u.wasm,direct_to_indirect,mut12,4898,5045,0,43,4,4,3351.15,yes,yes,20.04,ok,62.75,err,yes,yes,97.96,100.0,1,1,7,50,yes,no,no,1,yes,,file_not_found
9o2u.wasm,9o2u.wasm,add_sub_transformation,mut13,5003,5003,0,0,4,4,3092.94,yes,yes,43.07,ok,166.38,err,yes,yes,99.39,100.0,1,1,7,7,yes,no,no,1,yes,,file_not_found
3o2u.wasm,3o2u.wasm,data_insertion,mut7,4793,4793,0,0,4,4,2339.27,yes,yes,25.15,ok,114.18,err,yes,yes,100.0,100.0,1,1,7,7,yes,no,no,1,yes,,file_not_found
9o1u.wasm,9o1u.wasm,nop_insertion,mut9,4968,7441,0,0,4,4,3566.02,yes,yes,17.61,ok,25.5,err,yes,yes,74.64,100.0,1,1,7,7,yes,no,no,1,yes,,file_not_found
6o2u.wasm,6o2u.wasm,function_body_cloning,mut3,4898,9735,0,0,4,4,2699.71,yes,yes,20.04,ok,124.86,err,yes,yes,64.93,100.0,1,1,7,14,yes,no,no,1,yes,,file_not_found
9o2u.wasm,9o2u.wasm,offset_expansion,mut16,5003,5936,0,0,4,4,3269.37,yes,yes,43.07,ok,135.51,err,yes,yes,88.16,100.0,1,1,7,7,yes,no,no,1,yes,,file_not_found
3o2u.wasm,3o2u.wasm,data_encryption,mut8,4793,5096,0,0,4,4,2440.49,yes,yes,25.15,ok,78.36,err,yes,yes,97.72,100.0,1,1,7,9,yes,no,no,1,yes,,file_not_found
3o2u.wasm,3o2u.wasm,shift_transformation,mut14,4793,4793,0,0,4,4,3055.24,yes,yes,25.15,ok,32.12,err,yes,yes,100.0,100.0,1,1,7,7,yes,no,no,1,yes,,file_not_found
3o2u.wasm,3o2u.wasm,eqz_transformation,mut15,4793,4793,0,0,4,4,3194.78,yes,yes,25.15,ok,46.04,err,yes,yes,100.0,100.0,1,1,7,7,yes,no,no,1,yes,,file_not_found
4o2u.wasm,4o2u.wasm,nop_insertion,mut9,4828,7225,0,0,4,4,3611.45,yes,yes,17.23,ok,177.31,err,yes,yes,74.59,100.0,1,1,7,7,yes,no,no,1,yes,,file_not_found
6o2u.wasm,6o2u.wasm,add_sub_transformation,mut13,4898,4898,0,0,4,4,3016.62,yes,yes,20.04,ok,120.45,err,yes,yes,99.39,100.0,1,1,7,7,yes,no,no,1,yes,,file_not_found
3o2u.wasm,3o2u.wasm,mba_transformation,mut17,4793,4856,0,0,4,4,3173.3,yes,yes,25.15,ok,70.88,err,yes,yes,99.71,100.0,1,1,7,7,yes,no,no,1,yes,,file_not_found
7o1u.wasm,7o1u.wasm,import_insertion,mut1,4898,4898,0,0,4,4,2943.75,yes,yes,18.11,ok,72.65,err,yes,yes,100.0,100.0,1,1,7,7,yes,no,no,1,yes,,file_not_found
6o2u.wasm,6o2u.wasm,offset_expansion,mut16,4898,5831,0,0,4,4,3047.63,yes,yes,20.04,ok,47.25,err,yes,yes,88.01,100.0,1,1,7,7,yes,no,no,1,yes,,file_not_found
3o2u.wasm,3o2u.wasm,direct_to_indirect,mut12,4793,4904,0,31,4,4,3455.91,yes,yes,25.15,ok,115.02,err,yes,yes,98.43,100.0,1,1,7,38,yes,no,no,1,yes,,file_not_found
7o1u.wasm,7o1u.wasm,data_insertion,mut7,4898,4898,0,0,4,4,2506.62,yes,yes,18.11,ok,52.61,err,yes,yes,100.0,100.0,1,1,7,7,yes,no,no,1,yes,,file_not_found
7o1u.wasm,7o1u.wasm,function_sig_insertion,mut0,4898,6109,0,0,4,4,2931.22,yes,yes,18.11,ok,162.65,err,yes,yes,94.67,100.0,1,1,7,7,yes,no,no,1,yes,,file_not_found
7o1u.wasm,7o1u.wasm,global_insertion,mut4,4898,4898,0,0,4,4,3034.31,yes,yes,18.11,ok,80.4,err,yes,yes,100.0,100.0,1,1,7,7,yes,no,no,1,yes,,file_not_found
7o1u.wasm,7o1u.wasm,element_insertion,mut5,4898,5544,0,0,4,4,2654.12,yes,yes,18.11,ok,228.64,err,yes,yes,97.2,100.0,1,1,7,7,yes,no,no,1,yes,,file_not_found
7o1u.wasm,7o1u.wasm,export_insertion,mut6,4898,7941,0,1,4,4,2940.83,yes,yes,18.11,ok,203.04,err,yes,yes,96.33,100.0,1,101,7,7,yes,no,no,1,yes,,file_not_found
3o2u.wasm,3o2u.wasm,function_body_cloning,mut3,4793,9528,0,0,4,4,2623.51,yes,yes,25.15,ok,155.05,err,yes,yes,64.74,100.0,1,1,7,14,yes,no,no,1,yes,,file_not_found
9o2u.wasm,9o2u.wasm,constant_value_splitting,mut18,5003,6978,0,0,4,4,2836.22,yes,yes,43.07,ok,99.68,err,yes,yes,72.48,100.0,1,1,7,7,yes,no,no,1,yes,,file_not_found
5o3u.wasm,5o3u.wasm,nop_insertion,mut9,4898,7333,0,0,4,4,2997.48,yes,yes,38.55,ok,205.02,err,yes,yes,74.61,100.0,1,1,7,7,yes,no,no,1,yes,,file_not_found
9o2u.wasm,9o2u.wasm,constant_value_transformation,mut19,5003,7656,0,0,4,4,3147.35,yes,yes,43.07,ok,115.88,err,yes,yes,79.31,100.0,1,1,7,7,yes,no,no,1,yes,,file_not_found
7o1u.wasm,7o1u.wasm,data_encryption,mut8,4898,5201,0,0,4,4,3176.56,yes,yes,18.11,ok,42.25,err,yes,yes,97.75,100.0,1,1,7,9,yes,no,no,1,yes,,file_not_found
7o1u.wasm,7o1u.wasm,shift_transformation,mut14,4898,4898,0,0,4,4,2690.54,yes,yes,18.11,ok,27.96,err,yes,yes,100.0,100.0,1,1,7,7,yes,no,no,1,yes,,file_not_found
6o2u.wasm,6o2u.wasm,constant_value_splitting,mut18,4898,6857,0,0,4,4,3153.05,yes,yes,20.04,ok,131.99,err,yes,yes,72.27,100.0,1,1,7,7,yes,no,no,1,yes,,file_not_found
7o1u.wasm,7o1u.wasm,eqz_transformation,mut15,4898,4898,0,0,4,4,2420.32,yes,yes,18.11,ok,28.73,err,yes,yes,100.0,100.0,1,1,7,7,yes,no,no,1,yes,,file_not_found
7o1u.wasm,7o1u.wasm,mba_transformation,mut17,4898,4961,0,0,4,4,2751.59,yes,yes,18.11,ok,40.94,err,yes,yes,99.72,100.0,1,1,7,7,yes,no,no,1,yes,,file_not_found
6o2u.wasm,6o2u.wasm,constant_value_transformation,mut19,4898,7527,0,0,4,4,3083.52,yes,yes,20.04,ok,105.84,err,yes,yes,79.19,100.0,1,1,7,7,yes,no,no,1,yes,,file_not_found
3o2u.wasm,3o2u.wasm,add_sub_transformation,mut13,4793,4793,0,0,4,4,3520.85,yes,yes,25.15,ok,46.83,err,yes,yes,99.38,100.0,1,1,7,7,yes,no,no,1,yes,,file_not_found
3o2u.wasm,3o2u.wasm,offset_expansion,mut16,4793,5726,0,0,4,4,3295.17,yes,yes,25.15,ok,31.37,err,yes,yes,87.88,100.0,1,1,7,7,yes,no,no,1,yes,,file_not_found
7o1u.wasm,7o1u.wasm,direct_to_indirect,mut12,4898,5045,0,43,4,4,3184.3,yes,yes,18.11,ok,30.69,err,yes,yes,97.96,100.0,1,1,7,50,yes,no,no,1,yes,,file_not_found
7o1u.wasm,7o1u.wasm,function_insertion,mut2,4898,32344,0,0,4,4,3141.42,yes,yes,18.11,ok,208.55,err,yes,yes,31.0,100.0,1,1,7,107,yes,no,no,1,yes,,file_not_found
6o2u.wasm,6o2u.wasm,function_insertion,mut2,4898,35267,0,0,4,4,2713.51,yes,yes,20.04,ok,192.49,err,yes,yes,29.77,100.0,1,1,7,107,yes,no,no,1,yes,,file_not_found
7o1u.wasm,7o1u.wasm,function_body_cloning,mut3,4898,9735,0,0,4,4,2578.23,yes,yes,18.11,ok,167.04,err,yes,yes,61.08,100.0,1,1,7,14,yes,no,no,1,yes,,file_not_found
3o2u.wasm,3o2u.wasm,constant_value_splitting,mut18,4793,6731,0,0,4,4,3089.09,yes,yes,25.15,ok,118.46,err,yes,yes,72.09,100.0,1,1,7,7,yes,no,no,1,yes,,file_not_found
7o1u.wasm,7o1u.wasm,add_sub_transformation,mut13,4898,4898,0,0,4,4,2991.53,yes,yes,18.11,ok,43.42,err,yes,yes,99.39,100.0,1,1,7,7,yes,no,no,1,yes,,file_not_found
3o2u.wasm,3o2u.wasm,constant_value_transformation,mut19,4793,7398,0,0,4,4,3066.07,yes,yes,25.15,ok,64.61,err,yes,yes,79.08,100.0,1,1,7,7,yes,no,no,1,yes,,file_not_found
9o2u.wasm,9o2u.wasm,nop_insertion,mut9,5003,7495,0,0,4,4,3027.26,yes,yes,43.07,ok,226.49,err,yes,yes,74.65,100.0,1,1,7,7,yes,no,no,1,yes,,file_not_found
7o1u.wasm,7o1u.wasm,constant_value_transformation,mut19,4898,7527,0,0,4,4,2443.17,yes,yes,18.11,ok,38.8,err,yes,yes,79.19,100.0,1,1,7,7,yes,no,no,1,yes,,file_not_found
7o1u.wasm,7o1u.wasm,offset_expansion,mut16,4898,5831,0,0,4,4,2528.31,yes,yes,18.11,ok,29.9,err,yes,yes,88.01,100.0,1,1,7,7,yes,no,no,1,yes,,file_not_found
6o2u.wasm,6o2u.wasm,nop_insertion,mut9,4898,7333,0,0,4,4,3185.69,yes,yes,20.04,ok,89.34,err,yes,yes,74.61,100.0,1,1,7,7,yes,no,no,1,yes,,file_not_found
3o2u.wasm,3o2u.wasm,function_insertion,mut2,4793,42049,0,0,4,4,2747.72,yes,yes,25.15,ok,193.33,err,yes,yes,20.87,100.0,1,1,7,107,yes,no,no,1,yes,,file_not_found
7o1u.wasm,7o1u.wasm,constant_value_splitting,mut18,4898,6856,0,0,4,4,2425.65,yes,yes,18.11,ok,77.24,err,yes,yes,72.34,100.0,1,1,7,7,yes,no,no,1,yes,,file_not_found
7o1u.wasm,7o1u.wasm,nop_insertion,mut9,4898,7333,0,0,4,4,3383.33,yes,yes,18.11,ok,36.15,err,yes,yes,74.61,100.0,1,1,7,7,yes,no,no,1,yes,,file_not_found
3o2u.wasm,3o2u.wasm,nop_insertion,mut9,4793,7171,0,0,4,4,3528.07,yes,yes,25.15,ok,146.77,err,yes,yes,74.59,100.0,1,1,7,7,yes,no,no,1,yes,,file_not_found
9o2u.wasm,9o2u.wasm,function_insertion,mut2,5003,56344,0,0,4,4,2977.22,yes,yes,43.07,ok,238.68,err,yes,yes,21.44,100.0,1,1,7,107,yes,no,no,1,yes,,file_not_found
2o1u.wasm,2o1u.wasm,function_insertion,mut2,4718,41027,0,0,4,4,2351.26,yes,yes,37.25,ok,205.19,err,yes,yes,11.92,100.0,1,1,7,107,yes,no,no,1,yes,,file_not_found
2o3u.wasm,2o3u.wasm,opaque_predicate_insertion,mut11,4793,12775,0,0,4,4,3815.57,yes,yes,38.27,ok,97.03,err,yes,yes,44.94,100.0,1,1,7,7,yes,no,no,1,yes,,file_not_found
5o2u.wasm,5o2u.wasm,opaque_predicate_insertion,mut11,4863,12896,0,0,4,4,3828.97,yes,yes,37.92,ok,97.21,err,yes,yes,45.31,100.0,1,1,7,7,yes,no,no,1,yes,,file_not_found
2o2u.wasm,2o2u.wasm,opaque_predicate_insertion,mut11,4757,12790,0,0,4,4,2698.58,yes,yes,19.86,ok,107.06,err,yes,yes,44.73,100.0,1,1,7,7,yes,no,no,1,yes,,file_not_found
7o2u.wasm,7o2u.wasm,opaque_predicate_insertion,mut11,4933,12966,0,0,4,4,3175.75,yes,yes,41.91,ok,163.32,err,yes,yes,45.62,100.0,1,1,7,7,yes,no,no,1,yes,,file_not_found
6o1u.wasm,6o1u.wasm,opaque_predicate_insertion,mut11,4863,12998,0,0,4,4,2522.16,yes,yes,19.6,ok,80.87,err,yes,yes,44.74,100.0,1,1,7,7,yes,no,no,1,yes,,file_not_found
8o2u.wasm,8o2u.wasm,opaque_predicate_insertion,mut11,4968,12899,0,0,4,4,2876.84,yes,yes,17.31,ok,185.81,err,yes,yes,45.94,100.0,1,1,7,7,yes,no,no,1,yes,,file_not_found
4o1u.wasm,4o1u.wasm,opaque_predicate_insertion,mut11,4793,12877,0,0,4,4,2856.41,yes,yes,17.95,ok,176.58,err,yes,yes,44.74,100.0,1,1,7,7,yes,no,no,1,yes,,file_not_found
2o1u.wasm,2o1u.wasm,opaque_predicate_insertion,mut11,4718,12853,0,0,4,4,2797.65,yes,yes,37.25,ok,169.78,err,yes,yes,44.47,100.0,1,1,7,7,yes,no,no,1,yes,,file_not_found
5o3u.wasm,5o3u.wasm,opaque_predicate_insertion,mut11,4898,12931,0,0,4,4,2810.85,yes,yes,38.55,ok,133.84,err,yes,yes,45.39,100.0,1,1,7,7,yes,no,no,1,yes,,file_not_found
9o1u.wasm,9o1u.wasm,opaque_predicate_insertion,mut11,4968,13103,0,0,4,4,2805.15,yes,yes,17.61,ok,211.54,err,yes,yes,45.36,100.0,1,1,7,7,yes,no,no,1,yes,,file_not_found
4o2u.wasm,4o2u.wasm,opaque_predicate_insertion,mut11,4828,12861,0,0,4,4,3358.75,yes,yes,17.23,ok,173.25,err,yes,yes,45.09,100.0,1,1,7,7,yes,no,no,1,yes,,file_not_found
7o1u.wasm,7o1u.wasm,opaque_predicate_insertion,mut11,4898,12931,0,0,4,4,2931.07,yes,yes,18.11,ok,97.42,err,yes,yes,45.2,100.0,1,1,7,7,yes,no,no,1,yes,,file_not_found
5o1u.wasm,5o1u.wasm,opaque_predicate_insertion,mut11,4828,12759,0,0,4,4,3804.1,yes,yes,38.54,ok,128.17,err,yes,yes,45.63,100.0,1,1,7,7,yes,no,no,1,yes,,file_not_found
7o3u.wasm,7o3u.wasm,opaque_predicate_insertion,mut11,4968,13001,0,0,4,4,3314.82,yes,yes,32.18,ok,84.35,err,yes,yes,45.49,100.0,1,1,7,7,yes,no,no,1,yes,,file_not_found
3o1u.wasm,3o1u.wasm,opaque_predicate_insertion,mut11,4757,12790,0,0,4,4,2761.72,yes,yes,32.86,ok,176.35,err,yes,yes,44.92,100.0,1,1,7,7,yes,no,no,1,yes,,file_not_found
3o3u.wasm,3o3u.wasm,opaque_predicate_insertion,mut11,4828,12912,0,0,4,4,3054.58,yes,yes,16.58,ok,243.62,err,yes,yes,44.82,100.0,1,1,7,7,yes,no,no,1,yes,,file_not_found
6o3u.wasm,6o3u.wasm,opaque_predicate_insertion,mut11,4933,12915,0,0,4,4,2909.3,yes,yes,19.15,ok,119.18,err,yes,yes,45.67,100.0,1,1,7,7,yes,no,no,1,yes,,file_not_found
4o3u.wasm,4o3u.wasm,opaque_predicate_insertion,mut11,4863,12947,0,0,4,4,3322.98,yes,yes,20.11,ok,88.96,err,yes,yes,45.09,100.0,1,1,7,7,yes,no,no,1,yes,,file_not_found
8o1u.wasm,8o1u.wasm,opaque_predicate_insertion,mut11,4933,12915,0,0,4,4,2674.81,yes,yes,19.48,ok,168.8,err,yes,yes,45.6,100.0,1,1,7,7,yes,no,no,1,yes,,file_not_found
6o2u.wasm,6o2u.wasm,opaque_predicate_insertion,mut11,4898,13033,0,0,4,4,2966.28,yes,yes,20.04,ok,206.85,err,yes,yes,44.94,100.0,1,1,7,7,yes,no,no,1,yes,,file_not_found
9o2u.wasm,9o2u.wasm,opaque_predicate_insertion,mut11,5003,12934,0,0,4,4,2831.26,yes,yes,43.07,ok,141.35,err,yes,yes,46.19,100.0,1,1,7,7,yes,no,no,1,yes,,file_not_found
3o2u.wasm,3o2u.wasm,opaque_predicate_insertion,mut11,4793,12775,0,0,4,4,3699.08,yes,yes,25.15,ok,147.08,err,yes,yes,45.12,100.0,1,1,7,7,yes,no,no,1,yes,,file_not_found
